--
-- PostgreSQL database dump
--

\restrict NjkP9v7CZ5r00bNmdUHCVBNldEkKmqd5hSQnKBudf6vaXOtL0tarj5I6QCjlCT3

-- Dumped from database version 16.11
-- Dumped by pg_dump version 16.11

SET statement_timeout = 0;
SET lock_timeout = 0;
SET idle_in_transaction_session_timeout = 0;
SET client_encoding = 'UTF8';
SET standard_conforming_strings = on;
SELECT pg_catalog.set_config('search_path', '', false);
SET check_function_bodies = false;
SET xmloption = content;
SET client_min_messages = warning;
SET row_security = off;

--
-- Name: prevent_user_deletion(); Type: FUNCTION; Schema: public; Owner: -
--

CREATE FUNCTION public.prevent_user_deletion() RETURNS trigger
    LANGUAGE plpgsql
    AS $$
BEGIN
    RAISE EXCEPTION 'Удаление пользователей запрещено! Используйте деактивацию (is_active = FALSE)';
    RETURN NULL;
END;
$$;


SET default_tablespace = '';

SET default_table_access_method = heap;

--
-- Name: accreditation_areas; Type: TABLE; Schema: public; Owner: -
--

CREATE TABLE public.accreditation_areas (
    id integer NOT NULL,
    name character varying(200) NOT NULL,
    code character varying(20) NOT NULL,
    description text DEFAULT ''::text,
    is_active boolean DEFAULT true,
    is_default boolean DEFAULT false
);


--
-- Name: accreditation_areas_id_seq; Type: SEQUENCE; Schema: public; Owner: -
--

CREATE SEQUENCE public.accreditation_areas_id_seq
    AS integer
    START WITH 1
    INCREMENT BY 1
    NO MINVALUE
    NO MAXVALUE
    CACHE 1;


--
-- Name: accreditation_areas_id_seq; Type: SEQUENCE OWNED BY; Schema: public; Owner: -
--

ALTER SEQUENCE public.accreditation_areas_id_seq OWNED BY public.accreditation_areas.id;


--
-- Name: audit_log; Type: TABLE; Schema: public; Owner: -
--

CREATE TABLE public.audit_log (
    id integer NOT NULL,
    "timestamp" timestamp with time zone DEFAULT now() NOT NULL,
    user_id integer,
    entity_type character varying(50) NOT NULL,
    entity_id integer NOT NULL,
    action character varying(30) NOT NULL,
    field_name character varying(100),
    old_value text,
    new_value text,
    ip_address inet,
    extra_data jsonb
);


--
-- Name: TABLE audit_log; Type: COMMENT; Schema: public; Owner: -
--

COMMENT ON TABLE public.audit_log IS 'Единый журнал аудита всех действий в системе CISIS';


--
-- Name: COLUMN audit_log.entity_type; Type: COMMENT; Schema: public; Owner: -
--

COMMENT ON COLUMN public.audit_log.entity_type IS 'Тип сущности: sample, equipment, climate_log и т.д.';


--
-- Name: COLUMN audit_log.action; Type: COMMENT; Schema: public; Owner: -
--

COMMENT ON COLUMN public.audit_log.action IS 'Тип действия: create, update, status_change, delete, m2m_add, m2m_remove';


--
-- Name: COLUMN audit_log.extra_data; Type: COMMENT; Schema: public; Owner: -
--

COMMENT ON COLUMN public.audit_log.extra_data IS 'JSON с доп. контекстом (например, список изменённых M2M-связей)';


--
-- Name: audit_log_id_seq; Type: SEQUENCE; Schema: public; Owner: -
--

CREATE SEQUENCE public.audit_log_id_seq
    AS integer
    START WITH 1
    INCREMENT BY 1
    NO MINVALUE
    NO MAXVALUE
    CACHE 1;


--
-- Name: audit_log_id_seq; Type: SEQUENCE OWNED BY; Schema: public; Owner: -
--

ALTER SEQUENCE public.audit_log_id_seq OWNED BY public.audit_log.id;


--
-- Name: auth_group; Type: TABLE; Schema: public; Owner: -
--

CREATE TABLE public.auth_group (
    id integer NOT NULL,
    name character varying(150) NOT NULL
);


--
-- Name: auth_group_id_seq; Type: SEQUENCE; Schema: public; Owner: -
--

ALTER TABLE public.auth_group ALTER COLUMN id ADD GENERATED BY DEFAULT AS IDENTITY (
    SEQUENCE NAME public.auth_group_id_seq
    START WITH 1
    INCREMENT BY 1
    NO MINVALUE
    NO MAXVALUE
    CACHE 1
);


--
-- Name: auth_group_permissions; Type: TABLE; Schema: public; Owner: -
--

CREATE TABLE public.auth_group_permissions (
    id bigint NOT NULL,
    group_id integer NOT NULL,
    permission_id integer NOT NULL
);


--
-- Name: auth_group_permissions_id_seq; Type: SEQUENCE; Schema: public; Owner: -
--

ALTER TABLE public.auth_group_permissions ALTER COLUMN id ADD GENERATED BY DEFAULT AS IDENTITY (
    SEQUENCE NAME public.auth_group_permissions_id_seq
    START WITH 1
    INCREMENT BY 1
    NO MINVALUE
    NO MAXVALUE
    CACHE 1
);


--
-- Name: auth_permission; Type: TABLE; Schema: public; Owner: -
--

CREATE TABLE public.auth_permission (
    id integer NOT NULL,
    name character varying(255) NOT NULL,
    content_type_id integer NOT NULL,
    codename character varying(100) NOT NULL
);


--
-- Name: auth_permission_id_seq; Type: SEQUENCE; Schema: public; Owner: -
--

ALTER TABLE public.auth_permission ALTER COLUMN id ADD GENERATED BY DEFAULT AS IDENTITY (
    SEQUENCE NAME public.auth_permission_id_seq
    START WITH 1
    INCREMENT BY 1
    NO MINVALUE
    NO MAXVALUE
    CACHE 1
);


--
-- Name: client_contacts; Type: TABLE; Schema: public; Owner: -
--

CREATE TABLE public.client_contacts (
    id integer NOT NULL,
    client_id integer NOT NULL,
    full_name character varying(200) NOT NULL,
    "position" character varying(200) DEFAULT ''::character varying,
    phone character varying(50) DEFAULT ''::character varying,
    email character varying(255) DEFAULT ''::character varying,
    is_primary boolean DEFAULT false
);


--
-- Name: client_contacts_id_seq; Type: SEQUENCE; Schema: public; Owner: -
--

CREATE SEQUENCE public.client_contacts_id_seq
    AS integer
    START WITH 1
    INCREMENT BY 1
    NO MINVALUE
    NO MAXVALUE
    CACHE 1;


--
-- Name: client_contacts_id_seq; Type: SEQUENCE OWNED BY; Schema: public; Owner: -
--

ALTER SEQUENCE public.client_contacts_id_seq OWNED BY public.client_contacts.id;


--
-- Name: clients; Type: TABLE; Schema: public; Owner: -
--

CREATE TABLE public.clients (
    id integer NOT NULL,
    name character varying(500) NOT NULL,
    inn character varying(12) DEFAULT ''::character varying,
    address text DEFAULT ''::text,
    is_active boolean DEFAULT true,
    created_at timestamp without time zone DEFAULT CURRENT_TIMESTAMP,
    updated_at timestamp without time zone DEFAULT CURRENT_TIMESTAMP
);


--
-- Name: clients_id_seq; Type: SEQUENCE; Schema: public; Owner: -
--

CREATE SEQUENCE public.clients_id_seq
    AS integer
    START WITH 1
    INCREMENT BY 1
    NO MINVALUE
    NO MAXVALUE
    CACHE 1;


--
-- Name: clients_id_seq; Type: SEQUENCE OWNED BY; Schema: public; Owner: -
--

ALTER SEQUENCE public.clients_id_seq OWNED BY public.clients.id;


--
-- Name: climate_log; Type: TABLE; Schema: public; Owner: -
--

CREATE TABLE public.climate_log (
    id integer NOT NULL,
    laboratory_id integer NOT NULL,
    measured_at timestamp without time zone NOT NULL,
    temperature numeric(5,1) NOT NULL,
    humidity numeric(5,1) NOT NULL,
    measured_by_id integer NOT NULL,
    notes text DEFAULT ''::text
);


--
-- Name: climate_log_id_seq; Type: SEQUENCE; Schema: public; Owner: -
--

CREATE SEQUENCE public.climate_log_id_seq
    AS integer
    START WITH 1
    INCREMENT BY 1
    NO MINVALUE
    NO MAXVALUE
    CACHE 1;


--
-- Name: climate_log_id_seq; Type: SEQUENCE OWNED BY; Schema: public; Owner: -
--

ALTER SEQUENCE public.climate_log_id_seq OWNED BY public.climate_log.id;


--
-- Name: contracts; Type: TABLE; Schema: public; Owner: -
--

CREATE TABLE public.contracts (
    id integer NOT NULL,
    client_id integer NOT NULL,
    number character varying(100) NOT NULL,
    date date NOT NULL,
    end_date date,
    status character varying(20) DEFAULT 'ACTIVE'::character varying NOT NULL,
    notes text DEFAULT ''::text
);


--
-- Name: contracts_id_seq; Type: SEQUENCE; Schema: public; Owner: -
--

CREATE SEQUENCE public.contracts_id_seq
    AS integer
    START WITH 1
    INCREMENT BY 1
    NO MINVALUE
    NO MAXVALUE
    CACHE 1;


--
-- Name: contracts_id_seq; Type: SEQUENCE OWNED BY; Schema: public; Owner: -
--

ALTER SEQUENCE public.contracts_id_seq OWNED BY public.contracts.id;


--
-- Name: django_admin_log; Type: TABLE; Schema: public; Owner: -
--

CREATE TABLE public.django_admin_log (
    id integer NOT NULL,
    action_time timestamp with time zone NOT NULL,
    object_id text,
    object_repr character varying(200) NOT NULL,
    action_flag smallint NOT NULL,
    change_message text NOT NULL,
    content_type_id integer,
    user_id bigint NOT NULL,
    CONSTRAINT django_admin_log_action_flag_check CHECK ((action_flag >= 0))
);


--
-- Name: django_admin_log_id_seq; Type: SEQUENCE; Schema: public; Owner: -
--

ALTER TABLE public.django_admin_log ALTER COLUMN id ADD GENERATED BY DEFAULT AS IDENTITY (
    SEQUENCE NAME public.django_admin_log_id_seq
    START WITH 1
    INCREMENT BY 1
    NO MINVALUE
    NO MAXVALUE
    CACHE 1
);


--
-- Name: django_content_type; Type: TABLE; Schema: public; Owner: -
--

CREATE TABLE public.django_content_type (
    id integer NOT NULL,
    app_label character varying(100) NOT NULL,
    model character varying(100) NOT NULL
);


--
-- Name: django_content_type_id_seq; Type: SEQUENCE; Schema: public; Owner: -
--

ALTER TABLE public.django_content_type ALTER COLUMN id ADD GENERATED BY DEFAULT AS IDENTITY (
    SEQUENCE NAME public.django_content_type_id_seq
    START WITH 1
    INCREMENT BY 1
    NO MINVALUE
    NO MAXVALUE
    CACHE 1
);


--
-- Name: django_migrations; Type: TABLE; Schema: public; Owner: -
--

CREATE TABLE public.django_migrations (
    id bigint NOT NULL,
    app character varying(255) NOT NULL,
    name character varying(255) NOT NULL,
    applied timestamp with time zone NOT NULL
);


--
-- Name: django_migrations_id_seq; Type: SEQUENCE; Schema: public; Owner: -
--

ALTER TABLE public.django_migrations ALTER COLUMN id ADD GENERATED BY DEFAULT AS IDENTITY (
    SEQUENCE NAME public.django_migrations_id_seq
    START WITH 1
    INCREMENT BY 1
    NO MINVALUE
    NO MAXVALUE
    CACHE 1
);


--
-- Name: django_session; Type: TABLE; Schema: public; Owner: -
--

CREATE TABLE public.django_session (
    session_key character varying(40) NOT NULL,
    session_data text NOT NULL,
    expire_date timestamp with time zone NOT NULL
);


--
-- Name: equipment; Type: TABLE; Schema: public; Owner: -
--

CREATE TABLE public.equipment (
    id integer NOT NULL,
    accounting_number character varying(50) NOT NULL,
    equipment_type character varying(20) NOT NULL,
    name character varying(200) NOT NULL,
    inventory_number character varying(50) NOT NULL,
    ownership character varying(20) DEFAULT 'OWN'::character varying NOT NULL,
    ownership_doc_number character varying(200) DEFAULT ''::character varying,
    manufacturer character varying(200) DEFAULT ''::character varying,
    year_of_manufacture integer,
    factory_number character varying(100) DEFAULT ''::character varying,
    state_registry_number character varying(200) DEFAULT ''::character varying,
    technical_documentation text DEFAULT ''::text,
    intended_use character varying(200) DEFAULT ''::character varying,
    metrology_doc text DEFAULT ''::text,
    technical_specs text DEFAULT ''::text,
    software text DEFAULT ''::text,
    operating_conditions text DEFAULT ''::text,
    commissioning_info text DEFAULT ''::text,
    condition_on_receipt text DEFAULT ''::text,
    laboratory_id integer NOT NULL,
    status character varying(20) DEFAULT 'OPERATIONAL'::character varying NOT NULL,
    metrology_interval integer,
    modifications text DEFAULT ''::text,
    notes text DEFAULT ''::text,
    files_path character varying(500) DEFAULT ''::character varying,
    created_at timestamp without time zone DEFAULT CURRENT_TIMESTAMP,
    updated_at timestamp without time zone DEFAULT CURRENT_TIMESTAMP,
    responsible_person_id integer,
    substitute_person_id integer
);


--
-- Name: equipment_accreditation_areas; Type: TABLE; Schema: public; Owner: -
--

CREATE TABLE public.equipment_accreditation_areas (
    id integer NOT NULL,
    equipment_id integer NOT NULL,
    accreditation_area_id integer NOT NULL
);


--
-- Name: equipment_accreditation_areas_id_seq; Type: SEQUENCE; Schema: public; Owner: -
--

CREATE SEQUENCE public.equipment_accreditation_areas_id_seq
    AS integer
    START WITH 1
    INCREMENT BY 1
    NO MINVALUE
    NO MAXVALUE
    CACHE 1;


--
-- Name: equipment_accreditation_areas_id_seq; Type: SEQUENCE OWNED BY; Schema: public; Owner: -
--

ALTER SEQUENCE public.equipment_accreditation_areas_id_seq OWNED BY public.equipment_accreditation_areas.id;


--
-- Name: equipment_id_seq; Type: SEQUENCE; Schema: public; Owner: -
--

CREATE SEQUENCE public.equipment_id_seq
    AS integer
    START WITH 1
    INCREMENT BY 1
    NO MINVALUE
    NO MAXVALUE
    CACHE 1;


--
-- Name: equipment_id_seq; Type: SEQUENCE OWNED BY; Schema: public; Owner: -
--

ALTER SEQUENCE public.equipment_id_seq OWNED BY public.equipment.id;


--
-- Name: equipment_maintenance; Type: TABLE; Schema: public; Owner: -
--

CREATE TABLE public.equipment_maintenance (
    id integer NOT NULL,
    equipment_id integer NOT NULL,
    maintenance_date date NOT NULL,
    maintenance_type character varying(20) NOT NULL,
    document_name text DEFAULT ''::text,
    reason text DEFAULT ''::text,
    description text DEFAULT ''::text,
    created_at timestamp without time zone DEFAULT CURRENT_TIMESTAMP,
    performed_by_id integer
);


--
-- Name: equipment_maintenance_id_seq; Type: SEQUENCE; Schema: public; Owner: -
--

CREATE SEQUENCE public.equipment_maintenance_id_seq
    AS integer
    START WITH 1
    INCREMENT BY 1
    NO MINVALUE
    NO MAXVALUE
    CACHE 1;


--
-- Name: equipment_maintenance_id_seq; Type: SEQUENCE OWNED BY; Schema: public; Owner: -
--

ALTER SEQUENCE public.equipment_maintenance_id_seq OWNED BY public.equipment_maintenance.id;


--
-- Name: holidays; Type: TABLE; Schema: public; Owner: -
--

CREATE TABLE public.holidays (
    id integer NOT NULL,
    date date NOT NULL,
    name character varying(200) NOT NULL,
    is_working boolean DEFAULT false
);


--
-- Name: holidays_id_seq; Type: SEQUENCE; Schema: public; Owner: -
--

CREATE SEQUENCE public.holidays_id_seq
    AS integer
    START WITH 1
    INCREMENT BY 1
    NO MINVALUE
    NO MAXVALUE
    CACHE 1;


--
-- Name: holidays_id_seq; Type: SEQUENCE OWNED BY; Schema: public; Owner: -
--

ALTER SEQUENCE public.holidays_id_seq OWNED BY public.holidays.id;


--
-- Name: journal_columns; Type: TABLE; Schema: public; Owner: -
--

CREATE TABLE public.journal_columns (
    id integer NOT NULL,
    journal_id integer NOT NULL,
    code character varying(100) NOT NULL,
    name character varying(200) NOT NULL,
    is_active boolean DEFAULT true,
    display_order integer DEFAULT 0
);


--
-- Name: journal_columns_id_seq; Type: SEQUENCE; Schema: public; Owner: -
--

CREATE SEQUENCE public.journal_columns_id_seq
    AS integer
    START WITH 1
    INCREMENT BY 1
    NO MINVALUE
    NO MAXVALUE
    CACHE 1;


--
-- Name: journal_columns_id_seq; Type: SEQUENCE OWNED BY; Schema: public; Owner: -
--

ALTER SEQUENCE public.journal_columns_id_seq OWNED BY public.journal_columns.id;


--
-- Name: journals; Type: TABLE; Schema: public; Owner: -
--

CREATE TABLE public.journals (
    id integer NOT NULL,
    code character varying(50) NOT NULL,
    name character varying(200) NOT NULL,
    is_active boolean DEFAULT true
);


--
-- Name: journals_id_seq; Type: SEQUENCE; Schema: public; Owner: -
--

CREATE SEQUENCE public.journals_id_seq
    AS integer
    START WITH 1
    INCREMENT BY 1
    NO MINVALUE
    NO MAXVALUE
    CACHE 1;


--
-- Name: journals_id_seq; Type: SEQUENCE OWNED BY; Schema: public; Owner: -
--

ALTER SEQUENCE public.journals_id_seq OWNED BY public.journals.id;


--
-- Name: laboratories; Type: TABLE; Schema: public; Owner: -
--

CREATE TABLE public.laboratories (
    id integer NOT NULL,
    name character varying(200) NOT NULL,
    code character varying(10) NOT NULL,
    is_active boolean DEFAULT true,
    head_id integer,
    code_display character varying(10),
    department_type character varying(20) DEFAULT 'LAB'::character varying
);


--
-- Name: COLUMN laboratories.department_type; Type: COMMENT; Schema: public; Owner: -
--

COMMENT ON COLUMN public.laboratories.department_type IS 'LAB = лаборатория, WORKSHOP = мастерская, DEPARTMENT = подразделение';


--
-- Name: laboratories_id_seq; Type: SEQUENCE; Schema: public; Owner: -
--

CREATE SEQUENCE public.laboratories_id_seq
    AS integer
    START WITH 1
    INCREMENT BY 1
    NO MINVALUE
    NO MAXVALUE
    CACHE 1;


--
-- Name: laboratories_id_seq; Type: SEQUENCE OWNED BY; Schema: public; Owner: -
--

ALTER SEQUENCE public.laboratories_id_seq OWNED BY public.laboratories.id;


--
-- Name: permissions_log; Type: TABLE; Schema: public; Owner: -
--

CREATE TABLE public.permissions_log (
    id integer NOT NULL,
    changed_at timestamp without time zone DEFAULT CURRENT_TIMESTAMP,
    changed_by_id integer NOT NULL,
    target_user_id integer,
    role character varying(20) DEFAULT ''::character varying,
    journal_id integer NOT NULL,
    column_id integer,
    old_access_level character varying(10) NOT NULL,
    new_access_level character varying(10) NOT NULL,
    reason text DEFAULT ''::text,
    permission_type character varying(20) NOT NULL
);


--
-- Name: permissions_log_id_seq; Type: SEQUENCE; Schema: public; Owner: -
--

CREATE SEQUENCE public.permissions_log_id_seq
    AS integer
    START WITH 1
    INCREMENT BY 1
    NO MINVALUE
    NO MAXVALUE
    CACHE 1;


--
-- Name: permissions_log_id_seq; Type: SEQUENCE OWNED BY; Schema: public; Owner: -
--

ALTER SEQUENCE public.permissions_log_id_seq OWNED BY public.permissions_log.id;


--
-- Name: role_laboratory_access; Type: TABLE; Schema: public; Owner: -
--

CREATE TABLE public.role_laboratory_access (
    id integer NOT NULL,
    role character varying(20) NOT NULL,
    journal_id integer NOT NULL,
    laboratory_id integer
);


--
-- Name: TABLE role_laboratory_access; Type: COMMENT; Schema: public; Owner: -
--

COMMENT ON TABLE public.role_laboratory_access IS 'Видимость лабораторий по ролям для каждого журнала';


--
-- Name: COLUMN role_laboratory_access.laboratory_id; Type: COMMENT; Schema: public; Owner: -
--

COMMENT ON COLUMN public.role_laboratory_access.laboratory_id IS 'NULL = все лаборатории';


--
-- Name: role_laboratory_access_id_seq; Type: SEQUENCE; Schema: public; Owner: -
--

CREATE SEQUENCE public.role_laboratory_access_id_seq
    AS integer
    START WITH 1
    INCREMENT BY 1
    NO MINVALUE
    NO MAXVALUE
    CACHE 1;


--
-- Name: role_laboratory_access_id_seq; Type: SEQUENCE OWNED BY; Schema: public; Owner: -
--

ALTER SEQUENCE public.role_laboratory_access_id_seq OWNED BY public.role_laboratory_access.id;


--
-- Name: role_permissions; Type: TABLE; Schema: public; Owner: -
--

CREATE TABLE public.role_permissions (
    id integer NOT NULL,
    role character varying(20) NOT NULL,
    journal_id integer NOT NULL,
    column_id integer,
    access_level character varying(10) DEFAULT 'NONE'::character varying NOT NULL
);


--
-- Name: role_permissions_id_seq; Type: SEQUENCE; Schema: public; Owner: -
--

CREATE SEQUENCE public.role_permissions_id_seq
    AS integer
    START WITH 1
    INCREMENT BY 1
    NO MINVALUE
    NO MAXVALUE
    CACHE 1;


--
-- Name: role_permissions_id_seq; Type: SEQUENCE OWNED BY; Schema: public; Owner: -
--

ALTER SEQUENCE public.role_permissions_id_seq OWNED BY public.role_permissions.id;


--
-- Name: sample_auxiliary_equipment; Type: TABLE; Schema: public; Owner: -
--

CREATE TABLE public.sample_auxiliary_equipment (
    id integer NOT NULL,
    sample_id integer NOT NULL,
    equipment_id integer NOT NULL
);


--
-- Name: sample_auxiliary_equipment_id_seq; Type: SEQUENCE; Schema: public; Owner: -
--

CREATE SEQUENCE public.sample_auxiliary_equipment_id_seq
    AS integer
    START WITH 1
    INCREMENT BY 1
    NO MINVALUE
    NO MAXVALUE
    CACHE 1;


--
-- Name: sample_auxiliary_equipment_id_seq; Type: SEQUENCE OWNED BY; Schema: public; Owner: -
--

ALTER SEQUENCE public.sample_auxiliary_equipment_id_seq OWNED BY public.sample_auxiliary_equipment.id;


--
-- Name: sample_files; Type: TABLE; Schema: public; Owner: -
--

CREATE TABLE public.sample_files (
    id bigint NOT NULL,
    file character varying(500) NOT NULL,
    original_filename character varying(255) NOT NULL,
    file_size bigint NOT NULL,
    uploaded_at timestamp with time zone NOT NULL,
    description character varying(500) NOT NULL,
    sample_id bigint NOT NULL,
    uploaded_by_id bigint NOT NULL
);


--
-- Name: sample_files_id_seq; Type: SEQUENCE; Schema: public; Owner: -
--

ALTER TABLE public.sample_files ALTER COLUMN id ADD GENERATED BY DEFAULT AS IDENTITY (
    SEQUENCE NAME public.sample_files_id_seq
    START WITH 1
    INCREMENT BY 1
    NO MINVALUE
    NO MAXVALUE
    CACHE 1
);


--
-- Name: sample_manufacturing_auxiliary_equipment; Type: TABLE; Schema: public; Owner: -
--

CREATE TABLE public.sample_manufacturing_auxiliary_equipment (
    id integer NOT NULL,
    sample_id integer NOT NULL,
    equipment_id integer NOT NULL
);


--
-- Name: sample_manufacturing_auxiliary_equipment_id_seq; Type: SEQUENCE; Schema: public; Owner: -
--

CREATE SEQUENCE public.sample_manufacturing_auxiliary_equipment_id_seq
    AS integer
    START WITH 1
    INCREMENT BY 1
    NO MINVALUE
    NO MAXVALUE
    CACHE 1;


--
-- Name: sample_manufacturing_auxiliary_equipment_id_seq; Type: SEQUENCE OWNED BY; Schema: public; Owner: -
--

ALTER SEQUENCE public.sample_manufacturing_auxiliary_equipment_id_seq OWNED BY public.sample_manufacturing_auxiliary_equipment.id;


--
-- Name: sample_manufacturing_measuring_instruments; Type: TABLE; Schema: public; Owner: -
--

CREATE TABLE public.sample_manufacturing_measuring_instruments (
    id integer NOT NULL,
    sample_id integer NOT NULL,
    equipment_id integer NOT NULL
);


--
-- Name: TABLE sample_manufacturing_measuring_instruments; Type: COMMENT; Schema: public; Owner: -
--

COMMENT ON TABLE public.sample_manufacturing_measuring_instruments IS 'Связь образца со средствами измерений для изготовления';


--
-- Name: sample_manufacturing_measuring_instruments_id_seq; Type: SEQUENCE; Schema: public; Owner: -
--

CREATE SEQUENCE public.sample_manufacturing_measuring_instruments_id_seq
    AS integer
    START WITH 1
    INCREMENT BY 1
    NO MINVALUE
    NO MAXVALUE
    CACHE 1;


--
-- Name: sample_manufacturing_measuring_instruments_id_seq; Type: SEQUENCE OWNED BY; Schema: public; Owner: -
--

ALTER SEQUENCE public.sample_manufacturing_measuring_instruments_id_seq OWNED BY public.sample_manufacturing_measuring_instruments.id;


--
-- Name: sample_manufacturing_operators; Type: TABLE; Schema: public; Owner: -
--

CREATE TABLE public.sample_manufacturing_operators (
    id integer NOT NULL,
    sample_id integer NOT NULL,
    user_id integer NOT NULL
);


--
-- Name: TABLE sample_manufacturing_operators; Type: COMMENT; Schema: public; Owner: -
--

COMMENT ON TABLE public.sample_manufacturing_operators IS 'Связь образца с операторами изготовления (мастерская)';


--
-- Name: sample_manufacturing_operators_id_seq; Type: SEQUENCE; Schema: public; Owner: -
--

CREATE SEQUENCE public.sample_manufacturing_operators_id_seq
    AS integer
    START WITH 1
    INCREMENT BY 1
    NO MINVALUE
    NO MAXVALUE
    CACHE 1;


--
-- Name: sample_manufacturing_operators_id_seq; Type: SEQUENCE OWNED BY; Schema: public; Owner: -
--

ALTER SEQUENCE public.sample_manufacturing_operators_id_seq OWNED BY public.sample_manufacturing_operators.id;


--
-- Name: sample_manufacturing_testing_equipment; Type: TABLE; Schema: public; Owner: -
--

CREATE TABLE public.sample_manufacturing_testing_equipment (
    id integer NOT NULL,
    sample_id integer NOT NULL,
    equipment_id integer NOT NULL
);


--
-- Name: TABLE sample_manufacturing_testing_equipment; Type: COMMENT; Schema: public; Owner: -
--

COMMENT ON TABLE public.sample_manufacturing_testing_equipment IS 'Связь образца с испытательным оборудованием для изготовления';


--
-- Name: sample_manufacturing_testing_equipment_id_seq; Type: SEQUENCE; Schema: public; Owner: -
--

CREATE SEQUENCE public.sample_manufacturing_testing_equipment_id_seq
    AS integer
    START WITH 1
    INCREMENT BY 1
    NO MINVALUE
    NO MAXVALUE
    CACHE 1;


--
-- Name: sample_manufacturing_testing_equipment_id_seq; Type: SEQUENCE OWNED BY; Schema: public; Owner: -
--

ALTER SEQUENCE public.sample_manufacturing_testing_equipment_id_seq OWNED BY public.sample_manufacturing_testing_equipment.id;


--
-- Name: sample_measuring_instruments; Type: TABLE; Schema: public; Owner: -
--

CREATE TABLE public.sample_measuring_instruments (
    id integer NOT NULL,
    sample_id integer NOT NULL,
    equipment_id integer NOT NULL
);


--
-- Name: sample_measuring_instruments_id_seq; Type: SEQUENCE; Schema: public; Owner: -
--

CREATE SEQUENCE public.sample_measuring_instruments_id_seq
    AS integer
    START WITH 1
    INCREMENT BY 1
    NO MINVALUE
    NO MAXVALUE
    CACHE 1;


--
-- Name: sample_measuring_instruments_id_seq; Type: SEQUENCE OWNED BY; Schema: public; Owner: -
--

ALTER SEQUENCE public.sample_measuring_instruments_id_seq OWNED BY public.sample_measuring_instruments.id;


--
-- Name: sample_operators; Type: TABLE; Schema: public; Owner: -
--

CREATE TABLE public.sample_operators (
    id integer NOT NULL,
    sample_id integer NOT NULL,
    user_id integer NOT NULL
);


--
-- Name: sample_operators_id_seq; Type: SEQUENCE; Schema: public; Owner: -
--

CREATE SEQUENCE public.sample_operators_id_seq
    AS integer
    START WITH 1
    INCREMENT BY 1
    NO MINVALUE
    NO MAXVALUE
    CACHE 1;


--
-- Name: sample_operators_id_seq; Type: SEQUENCE OWNED BY; Schema: public; Owner: -
--

ALTER SEQUENCE public.sample_operators_id_seq OWNED BY public.sample_operators.id;


--
-- Name: sample_standards; Type: TABLE; Schema: public; Owner: -
--

CREATE TABLE public.sample_standards (
    id integer NOT NULL,
    sample_id integer NOT NULL,
    standard_id integer NOT NULL
);


--
-- Name: sample_standards_id_seq; Type: SEQUENCE; Schema: public; Owner: -
--

CREATE SEQUENCE public.sample_standards_id_seq
    AS integer
    START WITH 1
    INCREMENT BY 1
    NO MINVALUE
    NO MAXVALUE
    CACHE 1;


--
-- Name: sample_standards_id_seq; Type: SEQUENCE OWNED BY; Schema: public; Owner: -
--

ALTER SEQUENCE public.sample_standards_id_seq OWNED BY public.sample_standards.id;


--
-- Name: sample_testing_equipment; Type: TABLE; Schema: public; Owner: -
--

CREATE TABLE public.sample_testing_equipment (
    id integer NOT NULL,
    sample_id integer NOT NULL,
    equipment_id integer NOT NULL
);


--
-- Name: sample_testing_equipment_id_seq; Type: SEQUENCE; Schema: public; Owner: -
--

CREATE SEQUENCE public.sample_testing_equipment_id_seq
    AS integer
    START WITH 1
    INCREMENT BY 1
    NO MINVALUE
    NO MAXVALUE
    CACHE 1;


--
-- Name: sample_testing_equipment_id_seq; Type: SEQUENCE OWNED BY; Schema: public; Owner: -
--

ALTER SEQUENCE public.sample_testing_equipment_id_seq OWNED BY public.sample_testing_equipment.id;


--
-- Name: samples; Type: TABLE; Schema: public; Owner: -
--

CREATE TABLE public.samples (
    id integer NOT NULL,
    sequence_number integer NOT NULL,
    cipher character varying(500) NOT NULL,
    registration_date date NOT NULL,
    client_id integer NOT NULL,
    contract_id integer,
    contract_date date,
    laboratory_id integer NOT NULL,
    accompanying_doc_number character varying(100) NOT NULL,
    accompanying_doc_full_name text NOT NULL,
    accreditation_area_id integer NOT NULL,
    test_code character varying(20) DEFAULT ''::character varying,
    test_type character varying(200) DEFAULT ''::character varying,
    working_days integer NOT NULL,
    sample_received_date date NOT NULL,
    object_info text DEFAULT ''::text,
    object_id character varying(200) DEFAULT ''::character varying,
    cutting_direction character varying(200) DEFAULT ''::character varying,
    test_conditions character varying(100) DEFAULT ''::character varying,
    panel_id character varying(200) DEFAULT ''::character varying,
    material character varying(200) DEFAULT ''::character varying,
    determined_parameters text NOT NULL,
    admin_notes text DEFAULT ''::text,
    deadline date NOT NULL,
    report_type character varying(20) DEFAULT 'PROTOCOL'::character varying NOT NULL,
    pi_number character varying(200) DEFAULT ''::character varying,
    manufacturing_date date,
    uzk_required boolean DEFAULT false,
    further_movement character varying(200) DEFAULT ''::character varying,
    registered_by_id integer NOT NULL,
    replacement_protocol_required boolean DEFAULT false,
    replacement_pi_number character varying(200) DEFAULT ''::character varying,
    test_status character varying(50) DEFAULT ''::character varying,
    report_prepared_by_id integer,
    operator_notes text DEFAULT ''::text,
    protocol_issued_date date,
    protocol_printed_date date,
    replacement_protocol_issued_date date,
    status character varying(30) DEFAULT 'REGISTERED'::character varying NOT NULL,
    files_path character varying(500) DEFAULT ''::character varying,
    created_at timestamp with time zone DEFAULT CURRENT_TIMESTAMP,
    updated_at timestamp with time zone DEFAULT CURRENT_TIMESTAMP,
    verified_by integer,
    verified_at timestamp with time zone,
    protocol_checked_by integer,
    protocol_checked_at timestamp with time zone,
    replacement_count integer DEFAULT 0,
    conditioning_start_datetime timestamp with time zone,
    conditioning_end_datetime timestamp with time zone,
    testing_start_datetime timestamp with time zone,
    testing_end_datetime timestamp with time zone,
    manufacturing_completion_date timestamp with time zone,
    report_prepared_date timestamp with time zone,
    manufacturing boolean DEFAULT false NOT NULL,
    workshop_status character varying(20),
    sample_count integer DEFAULT 1 NOT NULL,
    preparation text DEFAULT ''::text NOT NULL,
    notes text DEFAULT ''::text NOT NULL,
    manufacturing_deadline date,
    additional_sample_count integer DEFAULT 0 NOT NULL,
    workshop_notes text DEFAULT ''::text NOT NULL,
    moisture_conditioning boolean DEFAULT false NOT NULL,
    moisture_sample_id integer,
    cutting_standard_id integer,
    CONSTRAINT samples_further_movement_check CHECK (((further_movement)::text = ANY (ARRAY[(''::character varying)::text, ('TO_MI'::character varying)::text, ('TO_CHA'::character varying)::text, ('TO_TA'::character varying)::text, ('TO_ACT'::character varying)::text, ('TO_CLIENT_DEPT'::character varying)::text]))),
    CONSTRAINT samples_status_check CHECK (((status)::text = ANY (ARRAY[('PENDING_VERIFICATION'::character varying)::text, ('REGISTERED'::character varying)::text, ('CANCELLED'::character varying)::text, ('MANUFACTURING'::character varying)::text, ('MANUFACTURED'::character varying)::text, ('TRANSFERRED'::character varying)::text, ('MOISTURE_CONDITIONING'::character varying)::text, ('MOISTURE_READY'::character varying)::text, ('CONDITIONING'::character varying)::text, ('READY_FOR_TEST'::character varying)::text, ('IN_TESTING'::character varying)::text, ('TESTED'::character varying)::text, ('DRAFT_READY'::character varying)::text, ('RESULTS_UPLOADED'::character varying)::text, ('PROTOCOL_ISSUED'::character varying)::text, ('COMPLETED'::character varying)::text, ('REPLACEMENT_PROTOCOL'::character varying)::text]))),
    CONSTRAINT samples_workshop_status_check CHECK ((((workshop_status)::text = ANY (ARRAY[('IN_WORKSHOP'::character varying)::text, ('COMPLETED'::character varying)::text, ('CANCELLED'::character varying)::text])) OR (workshop_status IS NULL)))
);


--
-- Name: COLUMN samples.registered_by_id; Type: COMMENT; Schema: public; Owner: -
--

COMMENT ON COLUMN public.samples.registered_by_id IS 'Первый администратор, который зарегистрировал образец';


--
-- Name: COLUMN samples.status; Type: COMMENT; Schema: public; Owner: -
--

COMMENT ON COLUMN public.samples.status IS 'Статус образца: PENDING_VERIFICATION, REGISTERED, CANCELLED, CONDITIONING, READY_FOR_TEST, IN_TESTING, TESTED, DRAFT_READY, RESULTS_UPLOADED, PROTOCOL_ISSUED, COMPLETED';


--
-- Name: COLUMN samples.verified_by; Type: COMMENT; Schema: public; Owner: -
--

COMMENT ON COLUMN public.samples.verified_by IS 'Второй администратор, который проверил и подтвердил регистрацию';


--
-- Name: COLUMN samples.verified_at; Type: COMMENT; Schema: public; Owner: -
--

COMMENT ON COLUMN public.samples.verified_at IS 'Дата и время проверки регистрации';


--
-- Name: COLUMN samples.protocol_checked_by; Type: COMMENT; Schema: public; Owner: -
--

COMMENT ON COLUMN public.samples.protocol_checked_by IS 'Сотрудник СМК, который проверил протокол';


--
-- Name: COLUMN samples.protocol_checked_at; Type: COMMENT; Schema: public; Owner: -
--

COMMENT ON COLUMN public.samples.protocol_checked_at IS 'Дата и время проверки протокола';


--
-- Name: COLUMN samples.replacement_count; Type: COMMENT; Schema: public; Owner: -
--

COMMENT ON COLUMN public.samples.replacement_count IS 'Количество выпущенных замещающих протоколов';


--
-- Name: COLUMN samples.conditioning_start_datetime; Type: COMMENT; Schema: public; Owner: -
--

COMMENT ON COLUMN public.samples.conditioning_start_datetime IS 'Дата и время начала кондиционирования (для ХА, ТА)';


--
-- Name: COLUMN samples.conditioning_end_datetime; Type: COMMENT; Schema: public; Owner: -
--

COMMENT ON COLUMN public.samples.conditioning_end_datetime IS 'Дата и время окончания кондиционирования (для ХА, ТА)';


--
-- Name: COLUMN samples.testing_start_datetime; Type: COMMENT; Schema: public; Owner: -
--

COMMENT ON COLUMN public.samples.testing_start_datetime IS 'Дата и время начала испытания (для ХА, ТА, УКИ)';


--
-- Name: COLUMN samples.testing_end_datetime; Type: COMMENT; Schema: public; Owner: -
--

COMMENT ON COLUMN public.samples.testing_end_datetime IS 'Дата и время окончания испытания (для всех лабораторий)';


--
-- Name: COLUMN samples.manufacturing_completion_date; Type: COMMENT; Schema: public; Owner: -
--

COMMENT ON COLUMN public.samples.manufacturing_completion_date IS 'Дата и время завершения изготовления (заполняется при нажатии кнопки)';


--
-- Name: COLUMN samples.report_prepared_date; Type: COMMENT; Schema: public; Owner: -
--

COMMENT ON COLUMN public.samples.report_prepared_date IS 'Дата и время подготовки отчёта (изменено с DATE на TIMESTAMP в v3.2.4)';


--
-- Name: COLUMN samples.manufacturing; Type: COMMENT; Schema: public; Owner: -
--

COMMENT ON COLUMN public.samples.manufacturing IS 'Требуется изготовление (boolean: true = требуется, false = не требуется)';


--
-- Name: COLUMN samples.workshop_status; Type: COMMENT; Schema: public; Owner: -
--

COMMENT ON COLUMN public.samples.workshop_status IS 'Статус образца в мастерской: IN_WORKSHOP (В мастерской), COMPLETED (Готово), NULL (не требует изготовления)';


--
-- Name: COLUMN samples.sample_count; Type: COMMENT; Schema: public; Owner: -
--

COMMENT ON COLUMN public.samples.sample_count IS 'Количество образцов';


--
-- Name: COLUMN samples.manufacturing_deadline; Type: COMMENT; Schema: public; Owner: -
--

COMMENT ON COLUMN public.samples.manufacturing_deadline IS 'Срок изготовления (для мастерской)';


--
-- Name: COLUMN samples.moisture_conditioning; Type: COMMENT; Schema: public; Owner: -
--

COMMENT ON COLUMN public.samples.moisture_conditioning IS 'Требуется влагонасыщение перед испытанием';


--
-- Name: COLUMN samples.moisture_sample_id; Type: COMMENT; Schema: public; Owner: -
--

COMMENT ON COLUMN public.samples.moisture_sample_id IS 'FK на образец влагонасыщения (УКИ). Образец A, к которому привязан данный образец B';


--
-- Name: COLUMN samples.cutting_standard_id; Type: COMMENT; Schema: public; Owner: -
--

COMMENT ON COLUMN public.samples.cutting_standard_id IS 'Стандарт на нарезку (для мастерской). Если NULL — мастерская ориентируется на основные стандарты.';


--
-- Name: CONSTRAINT samples_status_check ON samples; Type: COMMENT; Schema: public; Owner: -
--

COMMENT ON CONSTRAINT samples_status_check ON public.samples IS 'v3.15.0: Допустимые статусы образца, включая MOISTURE_CONDITIONING и MOISTURE_READY';


--
-- Name: samples_id_seq; Type: SEQUENCE; Schema: public; Owner: -
--

CREATE SEQUENCE public.samples_id_seq
    AS integer
    START WITH 1
    INCREMENT BY 1
    NO MINVALUE
    NO MAXVALUE
    CACHE 1;


--
-- Name: samples_id_seq; Type: SEQUENCE OWNED BY; Schema: public; Owner: -
--

ALTER SEQUENCE public.samples_id_seq OWNED BY public.samples.id;


--
-- Name: standard_accreditation_areas; Type: TABLE; Schema: public; Owner: -
--

CREATE TABLE public.standard_accreditation_areas (
    id integer NOT NULL,
    standard_id integer NOT NULL,
    accreditation_area_id integer NOT NULL
);


--
-- Name: standard_accreditation_areas_id_seq; Type: SEQUENCE; Schema: public; Owner: -
--

CREATE SEQUENCE public.standard_accreditation_areas_id_seq
    AS integer
    START WITH 1
    INCREMENT BY 1
    NO MINVALUE
    NO MAXVALUE
    CACHE 1;


--
-- Name: standard_accreditation_areas_id_seq; Type: SEQUENCE OWNED BY; Schema: public; Owner: -
--

ALTER SEQUENCE public.standard_accreditation_areas_id_seq OWNED BY public.standard_accreditation_areas.id;


--
-- Name: standard_laboratories; Type: TABLE; Schema: public; Owner: -
--

CREATE TABLE public.standard_laboratories (
    id integer NOT NULL,
    standard_id integer NOT NULL,
    laboratory_id integer NOT NULL
);


--
-- Name: standard_laboratories_id_seq; Type: SEQUENCE; Schema: public; Owner: -
--

CREATE SEQUENCE public.standard_laboratories_id_seq
    AS integer
    START WITH 1
    INCREMENT BY 1
    NO MINVALUE
    NO MAXVALUE
    CACHE 1;


--
-- Name: standard_laboratories_id_seq; Type: SEQUENCE OWNED BY; Schema: public; Owner: -
--

ALTER SEQUENCE public.standard_laboratories_id_seq OWNED BY public.standard_laboratories.id;


--
-- Name: standards; Type: TABLE; Schema: public; Owner: -
--

CREATE TABLE public.standards (
    id integer NOT NULL,
    code character varying(50) NOT NULL,
    name character varying(500) NOT NULL,
    is_active boolean DEFAULT true,
    test_code character varying(20) DEFAULT ''::character varying,
    test_type character varying(200) DEFAULT ''::character varying
);


--
-- Name: standards_id_seq; Type: SEQUENCE; Schema: public; Owner: -
--

CREATE SEQUENCE public.standards_id_seq
    AS integer
    START WITH 1
    INCREMENT BY 1
    NO MINVALUE
    NO MAXVALUE
    CACHE 1;


--
-- Name: standards_id_seq; Type: SEQUENCE OWNED BY; Schema: public; Owner: -
--

ALTER SEQUENCE public.standards_id_seq OWNED BY public.standards.id;


--
-- Name: time_log; Type: TABLE; Schema: public; Owner: -
--

CREATE TABLE public.time_log (
    id integer NOT NULL,
    employee_id integer NOT NULL,
    date date NOT NULL,
    start_time time without time zone NOT NULL,
    end_time time without time zone NOT NULL,
    work_type character varying(200) NOT NULL,
    sample_id integer,
    notes text DEFAULT ''::text
);


--
-- Name: time_log_id_seq; Type: SEQUENCE; Schema: public; Owner: -
--

CREATE SEQUENCE public.time_log_id_seq
    AS integer
    START WITH 1
    INCREMENT BY 1
    NO MINVALUE
    NO MAXVALUE
    CACHE 1;


--
-- Name: time_log_id_seq; Type: SEQUENCE OWNED BY; Schema: public; Owner: -
--

ALTER SEQUENCE public.time_log_id_seq OWNED BY public.time_log.id;


--
-- Name: user_additional_laboratories; Type: TABLE; Schema: public; Owner: -
--

CREATE TABLE public.user_additional_laboratories (
    id integer NOT NULL,
    user_id integer NOT NULL,
    laboratory_id integer NOT NULL
);


--
-- Name: user_additional_laboratories_id_seq; Type: SEQUENCE; Schema: public; Owner: -
--

CREATE SEQUENCE public.user_additional_laboratories_id_seq
    AS integer
    START WITH 1
    INCREMENT BY 1
    NO MINVALUE
    NO MAXVALUE
    CACHE 1;


--
-- Name: user_additional_laboratories_id_seq; Type: SEQUENCE OWNED BY; Schema: public; Owner: -
--

ALTER SEQUENCE public.user_additional_laboratories_id_seq OWNED BY public.user_additional_laboratories.id;


--
-- Name: user_permissions_override; Type: TABLE; Schema: public; Owner: -
--

CREATE TABLE public.user_permissions_override (
    id integer NOT NULL,
    user_id integer NOT NULL,
    journal_id integer NOT NULL,
    column_id integer,
    access_level character varying(10) DEFAULT 'NONE'::character varying NOT NULL,
    reason text NOT NULL,
    granted_by_id integer NOT NULL,
    granted_at timestamp without time zone DEFAULT CURRENT_TIMESTAMP,
    valid_until date,
    is_active boolean DEFAULT true
);


--
-- Name: user_permissions_override_id_seq; Type: SEQUENCE; Schema: public; Owner: -
--

CREATE SEQUENCE public.user_permissions_override_id_seq
    AS integer
    START WITH 1
    INCREMENT BY 1
    NO MINVALUE
    NO MAXVALUE
    CACHE 1;


--
-- Name: user_permissions_override_id_seq; Type: SEQUENCE OWNED BY; Schema: public; Owner: -
--

ALTER SEQUENCE public.user_permissions_override_id_seq OWNED BY public.user_permissions_override.id;


--
-- Name: users; Type: TABLE; Schema: public; Owner: -
--

CREATE TABLE public.users (
    id integer NOT NULL,
    username character varying(100) NOT NULL,
    password_hash character varying(255) NOT NULL,
    email character varying(255) DEFAULT ''::character varying,
    first_name character varying(100) DEFAULT ''::character varying,
    last_name character varying(100) DEFAULT ''::character varying,
    role character varying(20) DEFAULT 'OTHER'::character varying NOT NULL,
    laboratory_id integer,
    is_active boolean DEFAULT true,
    is_staff boolean DEFAULT false,
    is_superuser boolean DEFAULT false,
    ui_preferences jsonb DEFAULT '{}'::jsonb,
    last_login timestamp without time zone,
    created_at timestamp without time zone DEFAULT CURRENT_TIMESTAMP,
    updated_at timestamp without time zone DEFAULT CURRENT_TIMESTAMP,
    is_trainee boolean DEFAULT false NOT NULL,
    mentor_id integer,
    CONSTRAINT chk_mentor_not_self CHECK (((mentor_id IS NULL) OR (mentor_id <> id)))
);


--
-- Name: COLUMN users.role; Type: COMMENT; Schema: public; Owner: -
--

COMMENT ON COLUMN public.users.role IS 'Роль пользователя: CEO, CTO, SYSADMIN, LAB_HEAD, TESTER, CLIENT_DEPT_HEAD, CLIENT_MANAGER, CONTRACT_SPEC, QMS_HEAD, QMS_ADMIN, METROLOGIST, WORKSHOP, ACCOUNTANT, OTHER';


--
-- Name: users_id_seq; Type: SEQUENCE; Schema: public; Owner: -
--

CREATE SEQUENCE public.users_id_seq
    AS integer
    START WITH 1
    INCREMENT BY 1
    NO MINVALUE
    NO MAXVALUE
    CACHE 1;


--
-- Name: users_id_seq; Type: SEQUENCE OWNED BY; Schema: public; Owner: -
--

ALTER SEQUENCE public.users_id_seq OWNED BY public.users.id;


--
-- Name: weight_log; Type: TABLE; Schema: public; Owner: -
--

CREATE TABLE public.weight_log (
    id integer NOT NULL,
    sample_id integer NOT NULL,
    measured_at timestamp without time zone DEFAULT CURRENT_TIMESTAMP NOT NULL,
    weight numeric(10,4) NOT NULL,
    test_type character varying(50) NOT NULL,
    measured_by_id integer NOT NULL,
    equipment_id integer NOT NULL,
    notes text DEFAULT ''::text
);


--
-- Name: weight_log_id_seq; Type: SEQUENCE; Schema: public; Owner: -
--

CREATE SEQUENCE public.weight_log_id_seq
    AS integer
    START WITH 1
    INCREMENT BY 1
    NO MINVALUE
    NO MAXVALUE
    CACHE 1;


--
-- Name: weight_log_id_seq; Type: SEQUENCE OWNED BY; Schema: public; Owner: -
--

ALTER SEQUENCE public.weight_log_id_seq OWNED BY public.weight_log.id;


--
-- Name: workshop_log; Type: TABLE; Schema: public; Owner: -
--

CREATE TABLE public.workshop_log (
    id integer NOT NULL,
    sample_id integer NOT NULL,
    operator_id integer NOT NULL,
    operation_date date NOT NULL,
    operation_type character varying(200) NOT NULL,
    equipment_id integer NOT NULL,
    cutting_params text DEFAULT ''::text,
    quantity integer DEFAULT 1,
    quality_check boolean DEFAULT true,
    notes text DEFAULT ''::text,
    created_at timestamp without time zone DEFAULT CURRENT_TIMESTAMP
);


--
-- Name: workshop_log_id_seq; Type: SEQUENCE; Schema: public; Owner: -
--

CREATE SEQUENCE public.workshop_log_id_seq
    AS integer
    START WITH 1
    INCREMENT BY 1
    NO MINVALUE
    NO MAXVALUE
    CACHE 1;


--
-- Name: workshop_log_id_seq; Type: SEQUENCE OWNED BY; Schema: public; Owner: -
--

ALTER SEQUENCE public.workshop_log_id_seq OWNED BY public.workshop_log.id;


--
-- Name: accreditation_areas id; Type: DEFAULT; Schema: public; Owner: -
--

ALTER TABLE ONLY public.accreditation_areas ALTER COLUMN id SET DEFAULT nextval('public.accreditation_areas_id_seq'::regclass);


--
-- Name: audit_log id; Type: DEFAULT; Schema: public; Owner: -
--

ALTER TABLE ONLY public.audit_log ALTER COLUMN id SET DEFAULT nextval('public.audit_log_id_seq'::regclass);


--
-- Name: client_contacts id; Type: DEFAULT; Schema: public; Owner: -
--

ALTER TABLE ONLY public.client_contacts ALTER COLUMN id SET DEFAULT nextval('public.client_contacts_id_seq'::regclass);


--
-- Name: clients id; Type: DEFAULT; Schema: public; Owner: -
--

ALTER TABLE ONLY public.clients ALTER COLUMN id SET DEFAULT nextval('public.clients_id_seq'::regclass);


--
-- Name: climate_log id; Type: DEFAULT; Schema: public; Owner: -
--

ALTER TABLE ONLY public.climate_log ALTER COLUMN id SET DEFAULT nextval('public.climate_log_id_seq'::regclass);


--
-- Name: contracts id; Type: DEFAULT; Schema: public; Owner: -
--

ALTER TABLE ONLY public.contracts ALTER COLUMN id SET DEFAULT nextval('public.contracts_id_seq'::regclass);


--
-- Name: equipment id; Type: DEFAULT; Schema: public; Owner: -
--

ALTER TABLE ONLY public.equipment ALTER COLUMN id SET DEFAULT nextval('public.equipment_id_seq'::regclass);


--
-- Name: equipment_accreditation_areas id; Type: DEFAULT; Schema: public; Owner: -
--

ALTER TABLE ONLY public.equipment_accreditation_areas ALTER COLUMN id SET DEFAULT nextval('public.equipment_accreditation_areas_id_seq'::regclass);


--
-- Name: equipment_maintenance id; Type: DEFAULT; Schema: public; Owner: -
--

ALTER TABLE ONLY public.equipment_maintenance ALTER COLUMN id SET DEFAULT nextval('public.equipment_maintenance_id_seq'::regclass);


--
-- Name: holidays id; Type: DEFAULT; Schema: public; Owner: -
--

ALTER TABLE ONLY public.holidays ALTER COLUMN id SET DEFAULT nextval('public.holidays_id_seq'::regclass);


--
-- Name: journal_columns id; Type: DEFAULT; Schema: public; Owner: -
--

ALTER TABLE ONLY public.journal_columns ALTER COLUMN id SET DEFAULT nextval('public.journal_columns_id_seq'::regclass);


--
-- Name: journals id; Type: DEFAULT; Schema: public; Owner: -
--

ALTER TABLE ONLY public.journals ALTER COLUMN id SET DEFAULT nextval('public.journals_id_seq'::regclass);


--
-- Name: laboratories id; Type: DEFAULT; Schema: public; Owner: -
--

ALTER TABLE ONLY public.laboratories ALTER COLUMN id SET DEFAULT nextval('public.laboratories_id_seq'::regclass);


--
-- Name: permissions_log id; Type: DEFAULT; Schema: public; Owner: -
--

ALTER TABLE ONLY public.permissions_log ALTER COLUMN id SET DEFAULT nextval('public.permissions_log_id_seq'::regclass);


--
-- Name: role_laboratory_access id; Type: DEFAULT; Schema: public; Owner: -
--

ALTER TABLE ONLY public.role_laboratory_access ALTER COLUMN id SET DEFAULT nextval('public.role_laboratory_access_id_seq'::regclass);


--
-- Name: role_permissions id; Type: DEFAULT; Schema: public; Owner: -
--

ALTER TABLE ONLY public.role_permissions ALTER COLUMN id SET DEFAULT nextval('public.role_permissions_id_seq'::regclass);


--
-- Name: sample_auxiliary_equipment id; Type: DEFAULT; Schema: public; Owner: -
--

ALTER TABLE ONLY public.sample_auxiliary_equipment ALTER COLUMN id SET DEFAULT nextval('public.sample_auxiliary_equipment_id_seq'::regclass);


--
-- Name: sample_manufacturing_auxiliary_equipment id; Type: DEFAULT; Schema: public; Owner: -
--

ALTER TABLE ONLY public.sample_manufacturing_auxiliary_equipment ALTER COLUMN id SET DEFAULT nextval('public.sample_manufacturing_auxiliary_equipment_id_seq'::regclass);


--
-- Name: sample_manufacturing_measuring_instruments id; Type: DEFAULT; Schema: public; Owner: -
--

ALTER TABLE ONLY public.sample_manufacturing_measuring_instruments ALTER COLUMN id SET DEFAULT nextval('public.sample_manufacturing_measuring_instruments_id_seq'::regclass);


--
-- Name: sample_manufacturing_operators id; Type: DEFAULT; Schema: public; Owner: -
--

ALTER TABLE ONLY public.sample_manufacturing_operators ALTER COLUMN id SET DEFAULT nextval('public.sample_manufacturing_operators_id_seq'::regclass);


--
-- Name: sample_manufacturing_testing_equipment id; Type: DEFAULT; Schema: public; Owner: -
--

ALTER TABLE ONLY public.sample_manufacturing_testing_equipment ALTER COLUMN id SET DEFAULT nextval('public.sample_manufacturing_testing_equipment_id_seq'::regclass);


--
-- Name: sample_measuring_instruments id; Type: DEFAULT; Schema: public; Owner: -
--

ALTER TABLE ONLY public.sample_measuring_instruments ALTER COLUMN id SET DEFAULT nextval('public.sample_measuring_instruments_id_seq'::regclass);


--
-- Name: sample_operators id; Type: DEFAULT; Schema: public; Owner: -
--

ALTER TABLE ONLY public.sample_operators ALTER COLUMN id SET DEFAULT nextval('public.sample_operators_id_seq'::regclass);


--
-- Name: sample_standards id; Type: DEFAULT; Schema: public; Owner: -
--

ALTER TABLE ONLY public.sample_standards ALTER COLUMN id SET DEFAULT nextval('public.sample_standards_id_seq'::regclass);


--
-- Name: sample_testing_equipment id; Type: DEFAULT; Schema: public; Owner: -
--

ALTER TABLE ONLY public.sample_testing_equipment ALTER COLUMN id SET DEFAULT nextval('public.sample_testing_equipment_id_seq'::regclass);


--
-- Name: samples id; Type: DEFAULT; Schema: public; Owner: -
--

ALTER TABLE ONLY public.samples ALTER COLUMN id SET DEFAULT nextval('public.samples_id_seq'::regclass);


--
-- Name: standard_accreditation_areas id; Type: DEFAULT; Schema: public; Owner: -
--

ALTER TABLE ONLY public.standard_accreditation_areas ALTER COLUMN id SET DEFAULT nextval('public.standard_accreditation_areas_id_seq'::regclass);


--
-- Name: standard_laboratories id; Type: DEFAULT; Schema: public; Owner: -
--

ALTER TABLE ONLY public.standard_laboratories ALTER COLUMN id SET DEFAULT nextval('public.standard_laboratories_id_seq'::regclass);


--
-- Name: standards id; Type: DEFAULT; Schema: public; Owner: -
--

ALTER TABLE ONLY public.standards ALTER COLUMN id SET DEFAULT nextval('public.standards_id_seq'::regclass);


--
-- Name: time_log id; Type: DEFAULT; Schema: public; Owner: -
--

ALTER TABLE ONLY public.time_log ALTER COLUMN id SET DEFAULT nextval('public.time_log_id_seq'::regclass);


--
-- Name: user_additional_laboratories id; Type: DEFAULT; Schema: public; Owner: -
--

ALTER TABLE ONLY public.user_additional_laboratories ALTER COLUMN id SET DEFAULT nextval('public.user_additional_laboratories_id_seq'::regclass);


--
-- Name: user_permissions_override id; Type: DEFAULT; Schema: public; Owner: -
--

ALTER TABLE ONLY public.user_permissions_override ALTER COLUMN id SET DEFAULT nextval('public.user_permissions_override_id_seq'::regclass);


--
-- Name: users id; Type: DEFAULT; Schema: public; Owner: -
--

ALTER TABLE ONLY public.users ALTER COLUMN id SET DEFAULT nextval('public.users_id_seq'::regclass);


--
-- Name: weight_log id; Type: DEFAULT; Schema: public; Owner: -
--

ALTER TABLE ONLY public.weight_log ALTER COLUMN id SET DEFAULT nextval('public.weight_log_id_seq'::regclass);


--
-- Name: workshop_log id; Type: DEFAULT; Schema: public; Owner: -
--

ALTER TABLE ONLY public.workshop_log ALTER COLUMN id SET DEFAULT nextval('public.workshop_log_id_seq'::regclass);


--
-- Data for Name: accreditation_areas; Type: TABLE DATA; Schema: public; Owner: -
--

COPY public.accreditation_areas (id, name, code, description, is_active, is_default) FROM stdin;
3	Росавиация	Росавиация		t	f
2	Армак	Армак		t	f
1	Вне области	Вне области	Испытание проводится не в рамках аккредитации, по методике заказчика	t	t
\.


--
-- Data for Name: audit_log; Type: TABLE DATA; Schema: public; Owner: -
--

COPY public.audit_log (id, "timestamp", user_id, entity_type, entity_id, action, field_name, old_value, new_value, ip_address, extra_data) FROM stdin;
1	2026-02-20 07:07:31.351601+00	19	sample	56	update	accompanying_doc_number	qwd	afajfk	127.0.0.1	\N
2	2026-02-20 07:07:31.354109+00	19	sample	56	m2m_add	standards	\N	3	127.0.0.1	{"added_ids": [3]}
3	2026-02-20 07:07:31.354711+00	19	sample	56	m2m_remove	standards	2	\N	127.0.0.1	{"removed_ids": [2]}
4	2026-02-21 12:28:44.711396+00	19	sample	75	create	\N	\N	\N	127.0.0.1	{"cipher": "260221_72_11_11"}
5	2026-02-21 12:30:08.034326+00	19	sample	76	create	\N	\N	\N	127.0.0.1	{"cipher": "260221_73_11_12_ETW80"}
6	2026-02-21 12:42:18.233025+00	20	sample	77	create	\N	\N	\N	127.0.0.1	{"cipher": "260221_74_21_1_Wear"}
7	2026-02-21 12:43:37.479193+00	7	sample	75	m2m_add	manufacturing_measuring_instruments	\N	10	127.0.0.1	{"added_ids": [10]}
8	2026-02-21 12:43:37.481194+00	7	sample	75	m2m_add	manufacturing_testing_equipment	\N	11	127.0.0.1	{"added_ids": [11]}
9	2026-02-21 12:43:37.483708+00	7	sample	75	m2m_add	manufacturing_operators	\N	7	127.0.0.1	{"added_ids": [7]}
10	2026-02-21 12:43:37.486781+00	7	sample	75	m2m_add	manufacturing_auxiliary_equipment	\N	20	127.0.0.1	{"added_ids": [20]}
11	2026-02-21 12:43:37.491793+00	7	sample	75	status_change	status	MANUFACTURING	TRANSFERRED	127.0.0.1	\N
12	2026-02-21 12:44:39.818177+00	32	sample	75	status_change	status	TRANSFERRED	REGISTERED	127.0.0.1	\N
13	2026-02-21 12:45:59.299106+00	32	sample	75	update	report_prepared_by	\N	32	127.0.0.1	\N
14	2026-02-21 12:45:59.300156+00	32	sample	75	m2m_add	operators	\N	31, 33	127.0.0.1	{"added_ids": [31, 33]}
15	2026-02-21 12:45:59.305616+00	32	sample	75	status_change	status	REGISTERED	READY_FOR_TEST	127.0.0.1	\N
16	2026-02-21 12:46:02.622097+00	32	sample	75	status_change	status	READY_FOR_TEST	TESTED	127.0.0.1	\N
17	2026-02-21 12:46:11.257183+00	32	sample	75	status_change	status	TESTED	DRAFT_READY	127.0.0.1	\N
18	2026-02-21 12:47:12.769711+00	22	sample	75	update	report_prepared_date	2026-02-21 12:46:11.254176+00:00	2026-02-21 15:46:00+03:00	127.0.0.1	\N
19	2026-02-21 12:47:12.770709+00	22	sample	75	update	report_prepared_by	32	\N	127.0.0.1	\N
20	2026-02-21 12:47:12.770709+00	22	sample	75	update	manufacturing_completion_date	2026-02-21 12:43:37.489792+00:00	2026-02-21 15:43:00+03:00	127.0.0.1	\N
21	2026-02-21 12:47:12.779892+00	22	sample	75	status_change	status	PROTOCOL_ISSUED	COMPLETED	127.0.0.1	\N
22	2026-02-21 13:33:37.422473+00	19	sample	76	status_change	status	MOISTURE_CONDITIONING	REGISTERED	127.0.0.1	\N
23	2026-02-21 14:22:59.329575+00	19	sample	78	create	\N	\N	\N	127.0.0.1	{"cipher": "260221_75_11_fthfrth"}
24	2026-02-21 14:23:22.31118+00	19	sample	79	create	\N	\N	\N	127.0.0.1	{"cipher": "260221_76_11_fthfrth_50/85"}
25	2026-02-21 14:24:26.41462+00	32	sample	78	status_change	status	REGISTERED	TESTED	127.0.0.1	\N
26	2026-02-21 14:25:35.090414+00	19	sample	79	status_change	status	MOISTURE_CONDITIONING	REGISTERED	127.0.0.1	\N
27	2026-02-21 14:45:31.241405+00	19	sample	80	create	\N	\N	\N	127.0.0.1	{"cipher": "260221_77_353_Sample_Wear"}
28	2026-02-21 15:17:16.510632+00	19	sample	80	update	object_id		123	127.0.0.1	\N
29	2026-02-21 16:51:28.276434+00	19	sample	81	create	\N	\N	\N	127.0.0.1	{"cipher": "260221_78_646_1_Wear"}
30	2026-02-21 16:52:03.75619+00	19	sample	82	create	\N	\N	\N	127.0.0.1	{"cipher": "260221_79_646_1_TEN"}
31	2026-02-21 16:52:59.884853+00	19	sample	82	update	manufacturing	true	false	127.0.0.1	\N
32	2026-02-21 16:54:31.52482+00	7	sample	81	status_change	status	MANUFACTURING	TRANSFERRED	127.0.0.1	\N
33	2026-02-21 16:55:11.541058+00	32	sample	81	status_change	status	TRANSFERRED	REGISTERED	127.0.0.1	\N
34	2026-02-21 16:55:17.514093+00	32	sample	81	status_change	status	REGISTERED	TESTED	127.0.0.1	\N
35	2026-02-21 16:56:21.782835+00	19	sample	82	status_change	status	MOISTURE_CONDITIONING	REGISTERED	127.0.0.1	\N
36	2026-02-21 16:56:51.10238+00	13	sample	82	status_change	status	REGISTERED	TESTED	127.0.0.1	\N
37	2026-02-21 19:09:47.186297+00	19	sample	83	create	\N	\N	\N	127.0.0.1	{"cipher": "260221_80_32rr_4_fedfd_Wear"}
38	2026-02-21 19:10:26.570952+00	19	sample	84	create	\N	\N	\N	127.0.0.1	{"cipher": "260221_81_32rr_4_fedfd_TEN_RTW"}
39	2026-02-21 19:12:29.312913+00	7	sample	83	status_change	status	MANUFACTURING	TRANSFERRED	127.0.0.1	\N
40	2026-02-21 19:14:12.528124+00	32	sample	83	status_change	status	TRANSFERRED	REGISTERED	127.0.0.1	\N
41	2026-02-21 19:14:19.907266+00	32	sample	83	status_change	status	REGISTERED	TESTED	127.0.0.1	\N
42	2026-02-22 05:27:52.373399+00	19	sample	85	create	\N	\N	\N	127.0.0.1	{"cipher": "260222_82_11_hgj_Wear"}
43	2026-02-22 05:28:05.56071+00	19	sample	86	create	\N	\N	\N	127.0.0.1	{"cipher": "260222_83_11_hgj_TGA"}
44	2026-02-22 09:18:35.347761+00	32	sample	85	update	report_prepared_by	\N	32	127.0.0.1	\N
45	2026-02-22 09:18:35.348771+00	32	sample	85	m2m_add	operators	\N	31, 32	127.0.0.1	{"added_ids": [31, 32]}
46	2026-02-22 09:19:45.713835+00	32	sample	77	status_change	status	REGISTERED	CONDITIONING	127.0.0.1	\N
47	2026-02-22 09:19:52.937834+00	32	sample	77	m2m_add	operators	\N	31	127.0.0.1	{"added_ids": [31]}
48	2026-02-22 09:19:52.943344+00	32	sample	77	status_change	status	CONDITIONING	READY_FOR_TEST	127.0.0.1	\N
49	2026-02-22 09:20:09.496953+00	32	sample	77	status_change	status	READY_FOR_TEST	IN_TESTING	127.0.0.1	\N
50	2026-02-22 09:20:17.300018+00	32	sample	77	status_change	status	IN_TESTING	TESTED	127.0.0.1	\N
51	2026-02-22 10:17:31.656618+00	32	sample	78	m2m_add	operators	\N	31, 32, 33	127.0.0.1	{"added_ids": [31, 32, 33]}
52	2026-02-22 10:17:31.660167+00	32	sample	81	m2m_add	operators	\N	31, 32, 33	127.0.0.1	{"added_ids": [31, 32, 33]}
53	2026-02-22 10:17:31.662032+00	32	sample	83	m2m_add	operators	\N	31, 32, 33	127.0.0.1	{"added_ids": [31, 32, 33]}
54	2026-02-22 10:18:02.065297+00	32	sample	77	status_change	status	TESTED	DRAFT_READY	127.0.0.1	{"bulk_operation": true}
55	2026-02-22 10:18:02.06874+00	32	sample	78	status_change	status	TESTED	DRAFT_READY	127.0.0.1	{"bulk_operation": true}
56	2026-02-22 10:18:02.070762+00	32	sample	81	status_change	status	TESTED	DRAFT_READY	127.0.0.1	{"bulk_operation": true}
57	2026-02-22 10:21:07.935358+00	31	sample	81	update	object_id	1	23	127.0.0.1	\N
58	2026-02-22 10:21:07.936868+00	31	sample	81	update	report_prepared_date	2026-02-22 10:18:02.060757+00:00	2026-02-22 13:18:00+03:00	127.0.0.1	\N
59	2026-02-22 10:21:07.936868+00	31	sample	81	update	testing_end_datetime	2026-02-21 16:55:17.513086+00:00	2026-02-21 19:55:00+03:00	127.0.0.1	\N
60	2026-02-22 10:22:54.356488+00	31	sample	81	update	object_id	23	321	127.0.0.1	\N
61	2026-02-22 10:23:56.034527+00	31	sample	81	status_change	status	PROTOCOL_ISSUED	COMPLETED	127.0.0.1	\N
62	2026-02-22 11:02:44.058651+00	31	sample	83	update	report_prepared_by	\N	31	127.0.0.1	\N
63	2026-02-22 11:02:44.05965+00	31	sample	83	update	testing_end_datetime	2026-02-21 19:14:19.904670+00:00	2026-02-21 22:14:00+03:00	127.0.0.1	\N
64	2026-02-22 11:02:44.063748+00	31	sample	83	status_change	status	TESTED	DRAFT_READY	127.0.0.1	\N
65	2026-02-22 11:08:57.163312+00	31	sample	81	status_change	status	COMPLETED	TESTED	127.0.0.1	\N
66	2026-02-22 11:09:23.239663+00	31	sample	81	update	report_prepared_date	2026-02-22 10:18:00+00:00	\N	127.0.0.1	\N
67	2026-02-22 11:09:23.246194+00	31	sample	81	status_change	status	TESTED	DRAFT_READY	127.0.0.1	\N
68	2026-02-22 11:11:07.486349+00	31	sample	81	status_change	status	DRAFT_READY	REGISTERED	127.0.0.1	\N
69	2026-02-22 11:11:11.804196+00	31	sample	81	status_change	status	REGISTERED	CONDITIONING	127.0.0.1	\N
70	2026-02-22 11:11:15.233706+00	31	sample	81	status_change	status	CONDITIONING	READY_FOR_TEST	127.0.0.1	\N
71	2026-02-22 11:11:35.475284+00	31	sample	81	status_change	status	READY_FOR_TEST	IN_TESTING	127.0.0.1	\N
72	2026-02-22 11:11:39.722303+00	31	sample	81	status_change	status	IN_TESTING	TESTED	127.0.0.1	\N
73	2026-02-22 11:27:51.332899+00	31	sample	81	status_change	status	TESTED	IN_TESTING	127.0.0.1	\N
74	2026-02-22 11:28:13.032297+00	31	sample	81	status_change	status	IN_TESTING	TESTED	127.0.0.1	\N
75	2026-02-22 11:28:13.033319+00	31	sample	81	update	testing_end_datetime	2026-02-22 11:11:39.720255+00:00	2026-02-22 11:28:13.030071+00:00	127.0.0.1	\N
76	2026-02-22 20:49:50.75787+00	31	client	4	create	\N	\N	\N	127.0.0.1	{"name": "ИНУМИТ"}
77	2026-02-22 20:50:20.677405+00	31	contract	5	create	\N	\N	\N	127.0.0.1	{"number": "1234", "client_id": 4}
78	2026-02-22 21:02:36.800729+00	31	client_contact	6	create	\N	\N	\N	127.0.0.1	{"client_id": 4, "full_name": "Бабкин Александр"}
79	2026-02-22 21:02:53.70165+00	31	client_contact	6	update	is_primary	false	true	127.0.0.1	\N
80	2026-02-22 21:03:07.712599+00	31	client	1	update	name	ООО «Стальтехnika»	ООО «Стальтехника»	127.0.0.1	\N
81	2026-02-23 11:04:56.791622+00	19	client	4	update	name	ИНУМИТ	ИНУМИТы	127.0.0.1	\N
82	2026-02-23 11:05:13.136728+00	19	client	4	update	name	ИНУМИТы	ИНУМИТ	127.0.0.1	\N
83	2026-02-23 11:06:22.27174+00	19	contract	6	create	\N	\N	\N	127.0.0.1	{"number": "122", "client_id": 2}
84	2026-02-23 11:24:10.543712+00	19	client	2	update	inn	771123456789	771123456	127.0.0.1	\N
85	2026-02-24 08:24:46.672755+00	19	sample	87	create	\N	\N	\N	93.180.47.145	{"cipher": "260224_84_test_123_HRC_RTD"}
86	2026-02-24 08:25:14.821074+00	19	sample	88	create	\N	\N	\N	93.180.47.145	{"cipher": "260224_85_test_1234_HRC_RTD"}
87	2026-02-24 08:29:22.289506+00	7	sample	88	m2m_add	manufacturing_measuring_instruments	\N	10	93.180.47.145	{"added_ids": [10]}
88	2026-02-24 08:29:22.300066+00	7	sample	88	m2m_add	manufacturing_testing_equipment	\N	11	93.180.47.145	{"added_ids": [11]}
89	2026-02-24 08:29:22.307062+00	7	sample	88	m2m_add	manufacturing_operators	\N	7, 24	93.180.47.145	{"added_ids": [7, 24]}
90	2026-02-24 08:29:22.314176+00	7	sample	88	m2m_add	manufacturing_auxiliary_equipment	\N	15, 18	93.180.47.145	{"added_ids": [15, 18]}
91	2026-02-24 08:29:22.334393+00	7	sample	88	status_change	status	MANUFACTURING	TRANSFERRED	93.180.47.145	\N
92	2026-02-24 08:30:04.656365+00	13	sample	88	status_change	status	TRANSFERRED	REGISTERED	93.180.47.145	\N
93	2026-02-24 08:30:20.003161+00	13	sample	88	m2m_add	operators	\N	2, 14	93.180.47.145	{"added_ids": [2, 14]}
94	2026-02-24 08:30:20.027969+00	13	sample	88	status_change	status	REGISTERED	TESTED	93.180.47.145	\N
95	2026-02-24 08:30:20.030501+00	13	sample	88	update	testing_end_datetime	\N	2026-02-24 08:30:20.019188+00:00	93.180.47.145	\N
96	2026-02-24 08:30:37.072971+00	13	sample	88	status_change	status	TESTED	DRAFT_READY	93.180.47.145	\N
97	2026-02-24 08:30:37.076874+00	13	sample	88	update	report_prepared_date	\N	2026-02-24 08:30:37.061051+00:00	93.180.47.145	\N
98	2026-02-24 08:30:37.078955+00	13	sample	88	update	report_prepared_by	\N	13	93.180.47.145	\N
99	2026-02-24 08:32:05.213212+00	2	sample	88	update	replacement_protocol_required	false	true	93.180.47.145	\N
100	2026-02-24 08:32:05.489658+00	2	sample	88	update	replacement_protocol_required	false	true	93.180.47.145	\N
101	2026-02-24 08:47:09.23486+00	2	sample	76	status_change	status	REGISTERED	READY_FOR_TEST	93.180.47.145	{"bulk_operation": true}
102	2026-02-24 08:47:09.246928+00	2	sample	79	status_change	status	REGISTERED	READY_FOR_TEST	93.180.47.145	{"bulk_operation": true}
\.


--
-- Data for Name: auth_group; Type: TABLE DATA; Schema: public; Owner: -
--

COPY public.auth_group (id, name) FROM stdin;
\.


--
-- Data for Name: auth_group_permissions; Type: TABLE DATA; Schema: public; Owner: -
--

COPY public.auth_group_permissions (id, group_id, permission_id) FROM stdin;
\.


--
-- Data for Name: auth_permission; Type: TABLE DATA; Schema: public; Owner: -
--

COPY public.auth_permission (id, name, content_type_id, codename) FROM stdin;
1	Can add log entry	1	add_logentry
2	Can change log entry	1	change_logentry
3	Can delete log entry	1	delete_logentry
4	Can view log entry	1	view_logentry
5	Can add permission	3	add_permission
6	Can change permission	3	change_permission
7	Can delete permission	3	delete_permission
8	Can view permission	3	view_permission
9	Can add group	2	add_group
10	Can change group	2	change_group
11	Can delete group	2	delete_group
12	Can view group	2	view_group
13	Can add content type	4	add_contenttype
14	Can change content type	4	change_contenttype
15	Can delete content type	4	delete_contenttype
16	Can view content type	4	view_contenttype
17	Can add session	5	add_session
18	Can change session	5	change_session
19	Can delete session	5	delete_session
20	Can view session	5	view_session
21	Can add Пользователь	27	add_user
22	Can change Пользователь	27	change_user
23	Can delete Пользователь	27	delete_user
24	Can view Пользователь	27	view_user
25	Can add Область аккредитации	6	add_accreditationarea
26	Can change Область аккредитации	6	change_accreditationarea
27	Can delete Область аккредитации	6	delete_accreditationarea
28	Can view Область аккредитации	6	view_accreditationarea
29	Can add Заказчик	7	add_client
30	Can change Заказчик	7	change_client
31	Can delete Заказчик	7	delete_client
32	Can view Заказчик	7	view_client
33	Can add Контакт заказчика	8	add_clientcontact
34	Can change Контакт заказчика	8	change_clientcontact
35	Can delete Контакт заказчика	8	delete_clientcontact
36	Can view Контакт заказчика	8	view_clientcontact
37	Can add Замер климата	9	add_climatelog
38	Can change Замер климата	9	change_climatelog
39	Can delete Замер климата	9	delete_climatelog
40	Can view Замер климата	9	view_climatelog
41	Can add Договор	10	add_contract
42	Can change Договор	10	change_contract
43	Can delete Договор	10	delete_contract
44	Can view Договор	10	view_contract
45	Can add Оборудование	11	add_equipment
46	Can change Оборудование	11	change_equipment
47	Can delete Оборудование	11	delete_equipment
48	Can view Оборудование	11	view_equipment
49	Can add equipment accreditation area	12	add_equipmentaccreditationarea
50	Can change equipment accreditation area	12	change_equipmentaccreditationarea
51	Can delete equipment accreditation area	12	delete_equipmentaccreditationarea
52	Can view equipment accreditation area	12	view_equipmentaccreditationarea
53	Can add Обслуживание оборудования	13	add_equipmentmaintenance
54	Can change Обслуживание оборудования	13	change_equipmentmaintenance
55	Can delete Обслуживание оборудования	13	delete_equipmentmaintenance
56	Can view Обслуживание оборудования	13	view_equipmentmaintenance
57	Can add Праздничный день	14	add_holiday
58	Can change Праздничный день	14	change_holiday
59	Can delete Праздничный день	14	delete_holiday
60	Can view Праздничный день	14	view_holiday
61	Can add Журнал	15	add_journal
62	Can change Журнал	15	change_journal
63	Can delete Журнал	15	delete_journal
64	Can view Журнал	15	view_journal
65	Can add Столбец журнала	16	add_journalcolumn
66	Can change Столбец журнала	16	change_journalcolumn
67	Can delete Столбец журнала	16	delete_journalcolumn
68	Can view Столбец журнала	16	view_journalcolumn
69	Can add Лаборатория	17	add_laboratory
70	Can change Лаборатория	17	change_laboratory
71	Can delete Лаборатория	17	delete_laboratory
72	Can view Лаборатория	17	view_laboratory
73	Can add Запись лога прав	18	add_permissionslog
74	Can change Запись лога прав	18	change_permissionslog
75	Can delete Запись лога прав	18	delete_permissionslog
76	Can view Запись лога прав	18	view_permissionslog
77	Can add Групповое право	19	add_rolepermission
78	Can change Групповое право	19	change_rolepermission
79	Can delete Групповое право	19	delete_rolepermission
80	Can view Групповое право	19	view_rolepermission
81	Can add Образец	20	add_sample
82	Can change Образец	20	change_sample
83	Can delete Образец	20	delete_sample
84	Can view Образец	20	view_sample
85	Can add sample measuring instrument	21	add_samplemeasuringinstrument
86	Can change sample measuring instrument	21	change_samplemeasuringinstrument
87	Can delete sample measuring instrument	21	delete_samplemeasuringinstrument
88	Can view sample measuring instrument	21	view_samplemeasuringinstrument
89	Can add sample operator	22	add_sampleoperator
90	Can change sample operator	22	change_sampleoperator
91	Can delete sample operator	22	delete_sampleoperator
92	Can view sample operator	22	view_sampleoperator
93	Can add sample testing equipment	23	add_sampletestingequipment
94	Can change sample testing equipment	23	change_sampletestingequipment
95	Can delete sample testing equipment	23	delete_sampletestingequipment
96	Can view sample testing equipment	23	view_sampletestingequipment
97	Can add Стандарт	24	add_standard
98	Can change Стандарт	24	change_standard
99	Can delete Стандарт	24	delete_standard
100	Can view Стандарт	24	view_standard
101	Can add standard accreditation area	25	add_standardaccreditationarea
102	Can change standard accreditation area	25	change_standardaccreditationarea
103	Can delete standard accreditation area	25	delete_standardaccreditationarea
104	Can view standard accreditation area	25	view_standardaccreditationarea
105	Can add Запись времени	26	add_timelog
106	Can change Запись времени	26	change_timelog
107	Can delete Запись времени	26	delete_timelog
108	Can view Запись времени	26	view_timelog
109	Can add Переопределение прав	28	add_userpermissionoverride
110	Can change Переопределение прав	28	change_userpermissionoverride
111	Can delete Переопределение прав	28	delete_userpermissionoverride
112	Can view Переопределение прав	28	view_userpermissionoverride
113	Can add Замер массы	29	add_weightlog
114	Can change Замер массы	29	change_weightlog
115	Can delete Замер массы	29	delete_weightlog
116	Can view Замер массы	29	view_weightlog
117	Can add Запись мастерской	30	add_workshoplog
118	Can change Запись мастерской	30	change_workshoplog
119	Can delete Запись мастерской	30	delete_workshoplog
120	Can view Запись мастерской	30	view_workshoplog
121	Can add Файл образца	31	add_samplefile
122	Can change Файл образца	31	change_samplefile
123	Can delete Файл образца	31	delete_samplefile
124	Can view Файл образца	31	view_samplefile
\.


--
-- Data for Name: client_contacts; Type: TABLE DATA; Schema: public; Owner: -
--

COPY public.client_contacts (id, client_id, full_name, "position", phone, email, is_primary) FROM stdin;
1	1	Иванов Иван Иванович	Генеральный директор	+7 (999) 111-11-11		t
2	1	Петров Пётр Петрович	Инженер-технолог	+7 (999) 222-22-22		f
3	2	Сидорова Марина Геннадьевна	Заменитель директора	+7 (812) 333-33-33		t
4	3	Козлов Алексей Юрьевич	Начальник лаб.	+7 (831) 444-44-44		t
5	3	Новикова Ольга Игоревна	Экспедитор	+7 (831) 555-55-55		f
\.


--
-- Data for Name: clients; Type: TABLE DATA; Schema: public; Owner: -
--

COPY public.clients (id, name, inn, address, is_active, created_at, updated_at) FROM stdin;
3	ФГБУ «НИИ Материалов»	772234567890	г. Нижний Новгород, ул. Научная, д. 3	t	2026-02-01 20:51:32.879003	2026-02-01 20:51:32.879003
1	ООО «Стальтехника»	770012345678	г. Москва, ул. Промышленная, д. 10	t	2026-02-01 17:51:32.87144	2026-02-22 21:03:07.691521
4	ИНУМИТ	11233454	Климовск	t	2026-02-22 11:49:50.756853	2026-02-23 11:05:13.134922
2	АО «Термоматериалы»	771123456	г. Санкт-Петербург, пр. Индустриальный, д. 5	t	2026-02-01 17:51:32.877003	2026-02-23 11:24:10.535275
\.


--
-- Data for Name: climate_log; Type: TABLE DATA; Schema: public; Owner: -
--

COPY public.climate_log (id, laboratory_id, measured_at, temperature, humidity, measured_by_id, notes) FROM stdin;
\.


--
-- Data for Name: contracts; Type: TABLE DATA; Schema: public; Owner: -
--

COPY public.contracts (id, client_id, number, date, end_date, status, notes) FROM stdin;
1	1	ДГ-2026-001	2026-01-15	\N	ACTIVE	Годовой договор
2	2	ДГ-2026-002	2026-01-20	\N	ACTIVE	
3	3	ДГ-2025-010	2025-06-01	2025-12-31	EXPIRED	Истёк, возможно продление
4	3	ДГ-2026-003	2026-01-25	\N	ACTIVE	Новый договор на 2026
5	4	1234	2026-02-05	\N	ACTIVE	
6	2	122	2026-02-05	\N	ACTIVE	
\.


--
-- Data for Name: django_admin_log; Type: TABLE DATA; Schema: public; Owner: -
--

COPY public.django_admin_log (id, action_time, object_id, object_repr, action_flag, change_message, content_type_id, user_id) FROM stdin;
1	2026-02-01 21:07:33.749535+00	43	LAB_HEAD → SAMPLES.accompanying_doc_number = NONE	2	[{"changed": {"fields": ["Access level"]}}]	19	1
2	2026-02-01 21:08:35.530184+00	1	workshop1 → SAMPLES.* = EDIT	1	[{"added": {}}]	28	1
3	2026-02-01 21:08:55.583633+00	1	workshop1 → SAMPLES.* = EDIT	3		28	1
4	2026-02-02 20:11:57.791023+00	1	№ 1 — 260202_1_32rr_4_fedfd_TEN	1	[{"added": {}}]	20	1
5	2026-02-02 20:14:03.220685+00	2	№ 2 — 260202_2_646_njk_HRC	1	[{"added": {}}]	20	1
6	2026-02-02 20:17:39.576569+00	1	MI — Лаборатория механических испытаний	2	[{"changed": {"fields": ["\\u041a\\u043e\\u0434"]}}]	17	1
7	2026-02-02 20:17:44.397544+00	3	TA — Лаборатория термического анализа	2	[{"changed": {"fields": ["\\u041a\\u043e\\u0434"]}}]	17	1
8	2026-02-02 20:17:51.464187+00	2	Cha — Лаборатория химического анализа	2	[{"changed": {"fields": ["\\u041a\\u043e\\u0434"]}}]	17	1
9	2026-02-02 20:17:59.771001+00	3	TA — Лаборатория термического анализа	2	[{"changed": {"fields": ["\\u0420\\u0443\\u043a\\u043e\\u0432\\u043e\\u0434\\u0438\\u0442\\u0435\\u043b\\u044c"]}}]	17	1
10	2026-02-02 20:18:21.065523+00	2	№ 2 — 260202_2_646_njk_HRC_RTD	2	[]	20	1
11	2026-02-02 20:18:36.593586+00	2	№ 2 — 260202_2_646_njk_HRC_RTD	2	[]	20	1
12	2026-02-02 20:19:26.180602+00	3	№ 3 — 260202_3_646235_fedfd_CTE_RTD	1	[{"added": {}}]	20	1
13	2026-02-02 20:30:49.11159+00	3	№ 3 — 260202_3_646235_fedfd_CTE_RTD	2	[{"changed": {"fields": ["\\u0421\\u0442\\u0430\\u0442\\u0443\\u0441"]}}]	20	1
14	2026-02-02 20:34:54.910597+00	3	№ 3 — 260202_3_646235_fedfd_CTE_RTD	2	[]	20	1
15	2026-02-02 20:35:58.835221+00	4	№ 4 — 260202_4_646_fthfrth_HRC	1	[{"added": {}}]	20	1
16	2026-02-02 20:37:18.294366+00	4	№ 4 — 260202_4_646_fthfrth_HRC	2	[]	20	1
17	2026-02-02 20:37:33.655206+00	4	№ 4 — 260202_4_646_fthfrth_HRC	3		20	1
18	2026-02-02 20:38:27.513544+00	5	№ 4 — 260202_4_32rr_4_7t78_HRC	1	[{"added": {}}]	20	1
19	2026-02-02 20:40:29.67086+00	5	№ 4 — 260202_4_32rr_4_7t78_HRC	2	[]	20	1
20	2026-02-02 20:41:12.859334+00	6	№ 5 — 260202_5_646235_352_HRC	1	[{"added": {}}]	20	1
21	2026-02-02 21:29:19.719816+00	2	№ 2 — 260213_2_646_njk_HRC_RTD	2	[{"changed": {"fields": ["\\u0414\\u0430\\u0442\\u0430 \\u0440\\u0435\\u0433\\u0438\\u0441\\u0442\\u0440\\u0430\\u0446\\u0438\\u0438", "\\u0417\\u0430\\u043a\\u0430\\u0437\\u0447\\u0438\\u043a"]}}]	20	4
22	2026-02-02 22:05:51.808312+00	7	№ 6 — 260202_6_646235_4893hfwfkw_HRC_ET80W	1	[{"added": {}}]	20	1
23	2026-02-03 06:45:20.504301+00	6	ВО-001 — Весы аналитические AND GR-220EC	2	[{"changed": {"fields": ["Laboratory"]}}]	11	1
24	2026-02-03 06:45:38.131653+00	3	ТА — Термический анализ	2	[{"changed": {"fields": ["\\u041d\\u0430\\u0437\\u0432\\u0430\\u043d\\u0438\\u0435"]}}]	17	1
25	2026-02-03 06:46:16.408021+00	8	УКИ — Лаборатория ускоренных климатических испытаний	1	[{"added": {}}]	17	1
26	2026-02-03 06:46:29.428352+00	4	None — Лаборатория механических испытаний	3		17	1
27	2026-02-03 06:46:29.428352+00	6	None — Лаборатория термического анализа	3		17	1
28	2026-02-03 06:46:29.428352+00	5	None — Лаборатория химического анализа	3		17	1
29	2026-02-03 06:46:29.428352+00	2	None — Лаборатория химического анализа	3		17	1
30	2026-02-03 06:48:22.94069+00	2	Армак	2	[{"changed": {"fields": ["Name", "Code", "Description"]}}]	6	1
31	2026-02-03 06:48:41.830108+00	3	Росавиация	2	[{"changed": {"fields": ["Name", "Code", "Description"]}}]	6	1
32	2026-02-03 06:48:58.231176+00	2	Армак	2	[{"changed": {"fields": ["Code"]}}]	6	1
33	2026-02-03 07:20:33.01126+00	2	СИ-002 — Термокопла тип К	2	[{"changed": {"fields": ["Laboratory"]}}, {"added": {"name": "equipment accreditation area", "object": "EquipmentAccreditationArea object (6)"}}]	11	1
34	2026-02-03 08:16:16.801373+00	6	№ 5 — 260202_5_646235_352_HRC	2	[{"changed": {"fields": ["\\u0421\\u0442\\u0430\\u0442\\u0443\\u0441"]}}]	20	1
35	2026-02-03 08:38:44.539195+00	2	№ 2 — 260213_2_646_njk_HRC_RTD	2	[{"changed": {"fields": ["\\u0421\\u0442\\u0430\\u0442\\u0443\\u0441"]}}]	20	1
36	2026-02-03 08:47:28.046345+00	1	Вне области	2	[{"changed": {"fields": ["Code"]}}]	6	1
37	2026-02-03 09:17:36.117492+00	6	№ 5 — 260202_5_646235_352_HRC	2	[]	20	1
38	2026-02-03 09:18:27.127658+00	8	№ 7 — 260203_7_543_346fg_TGA	1	[{"added": {}}]	20	1
39	2026-02-03 09:19:23.352693+00	9	№ 8 — 260203_8_543_4545634_TGA	1	[{"added": {}}]	20	1
40	2026-02-03 09:46:08.105835+00	7	436 — Хроматограф	1	[{"added": {}}, {"added": {"name": "equipment accreditation area", "object": "EquipmentAccreditationArea object (7)"}}, {"added": {"name": "equipment accreditation area", "object": "EquipmentAccreditationArea object (8)"}}]	11	1
41	2026-02-03 09:46:56.387237+00	8	34лото — Весы	1	[{"added": {}}, {"added": {"name": "equipment accreditation area", "object": "EquipmentAccreditationArea object (9)"}}, {"added": {"name": "equipment accreditation area", "object": "EquipmentAccreditationArea object (10)"}}]	11	1
42	2026-02-03 09:48:08.242596+00	9	64 — Печь	1	[{"added": {}}, {"added": {"name": "equipment accreditation area", "object": "EquipmentAccreditationArea object (11)"}}, {"added": {"name": "equipment accreditation area", "object": "EquipmentAccreditationArea object (12)"}}]	11	1
43	2026-02-03 09:49:29.121967+00	7	436 — Хроматограф	2	[{"deleted": {"name": "equipment accreditation area", "object": "EquipmentAccreditationArea object (None)"}}]	11	1
44	2026-02-03 09:49:37.79343+00	7	436 — Хроматограф	2	[]	11	1
45	2026-02-03 09:50:30.55595+00	7	436 — Хроматограф	2	[]	11	1
46	2026-02-03 11:15:46.275431+00	9	№ 8 — 260203_8_543_4545634_TGA	2	[{"changed": {"name": "sample measuring instrument", "object": "SampleMeasuringInstrument object (5)", "fields": ["Equipment"]}}]	20	1
47	2026-02-03 11:16:06.940251+00	8	№ 7 — 260203_7_543_346fg_TGA	2	[{"changed": {"fields": ["\\u041e\\u0431\\u043b\\u0430\\u0441\\u0442\\u044c \\u0430\\u043a\\u043a\\u0440\\u0435\\u0434\\u0438\\u0442\\u0430\\u0446\\u0438\\u0438"]}}]	20	1
48	2026-02-03 11:16:43.445578+00	9	№ 8 — 260203_8_543_4545634_TGA	2	[{"changed": {"name": "sample measuring instrument", "object": "SampleMeasuringInstrument object (5)", "fields": ["Equipment"]}}]	20	1
49	2026-02-03 11:19:29.965556+00	9	№ 8 — 260203_8_543_4545634_TGA	2	[{"changed": {"fields": ["\\u0421\\u0442\\u0430\\u0442\\u0443\\u0441"]}}]	20	1
50	2026-02-03 11:30:29.199491+00	9	№ 8 — 260203_8_543_4545634_TGA	2	[{"changed": {"fields": ["\\u0421\\u0442\\u0430\\u0442\\u0443\\u0441"]}}]	20	1
51	2026-02-03 11:34:02.366366+00	8	№ 7 — 260203_7_543_346fg_TGA	2	[{"changed": {"fields": ["\\u0421\\u0442\\u0430\\u0442\\u0443\\u0441"]}}]	20	1
52	2026-02-03 13:33:42.715527+00	3	ИО-001 — Испытательная машина Zwick Roell Z250	2	[{"added": {"name": "equipment accreditation area", "object": "EquipmentAccreditationArea object (13)"}}]	11	1
53	2026-02-03 13:37:25.402252+00	10	№ 9 — 260203_9_vvn_gnsdkgl_TGA	1	[{"added": {}}]	20	1
54	2026-02-03 22:38:16.061859+00	11	№ 10 — 260204_10_87_765_HRC	1	[{"added": {}}]	20	1
55	2026-02-04 07:43:44.073744+00	4	Кузнецова Алёна (tester1)	2	[{"changed": {"fields": ["Is active"]}}]	27	1
56	2026-02-04 07:43:50.140597+00	5	Соколов Дмитрий (tester2)	2	[{"changed": {"fields": ["Is active"]}}]	27	1
57	2026-02-04 07:57:41.691167+00	1	Админ Сис (admin)	2	[{"changed": {"fields": ["Is active"]}}]	27	10
58	2026-02-04 08:42:50.570876+00	4	Механические испытания	3		6	10
59	2026-02-04 08:42:50.570876+00	5	Термические испытания	3		6	10
60	2026-02-06 07:57:07.048459+00	3	ТА — Термический анализ	2	[{"changed": {"fields": ["\\u041d\\u0430\\u0437\\u0432\\u0430\\u043d\\u0438\\u0435"]}}]	17	10
61	2026-02-09 21:19:44.323552+00	4	ГОСТ 4567-89 — Определение коэффициента теплового расширения	2	[]	24	10
62	2026-02-09 21:20:29.19818+00	1	ГОСТ 1234-56 — Определение предельной прочности при растяжении	2	[]	24	10
63	2026-02-09 21:20:53.35366+00	3	ГОСТ 3456-78 — Термогравиметрический анализ	2	[]	24	10
64	2026-02-09 21:21:06.897051+00	5	ГОСТ 5678-90 — Испытание на ударный изгиб	2	[{"added": {"name": "standard accreditation area", "object": "StandardAccreditationArea object (11)"}}]	24	10
65	2026-02-09 21:21:12.801401+00	4	ГОСТ 4567-89 — Определение коэффициента теплового расширения	2	[]	24	10
66	2026-02-09 21:21:22.347826+00	4	ГОСТ 4567-89 — Определение коэффициента теплового расширения	2	[{"deleted": {"name": "standard accreditation area", "object": "StandardAccreditationArea object (None)"}}]	24	10
67	2026-02-09 21:21:25.597123+00	4	ГОСТ 4567-89 — Определение коэффициента теплового расширения	2	[]	24	10
68	2026-02-09 21:21:29.293903+00	4	ГОСТ 4567-89 — Определение коэффициента теплового расширения	2	[]	24	10
69	2026-02-12 07:06:44.712327+00	2	Иванов Иван (ivanov_head)	2	[{"added": {"name": "\\u0414\\u043e\\u043f\\u043e\\u043b\\u043d\\u0438\\u0442\\u0435\\u043b\\u044c\\u043d\\u0430\\u044f \\u043b\\u0430\\u0431\\u043e\\u0440\\u0430\\u0442\\u043e\\u0440\\u0438\\u044f", "object": "\\u0418\\u0432\\u0430\\u043d\\u043e\\u0432 \\u0418\\u0432\\u0430\\u043d (ivanov_head) \\u2192 \\u0422\\u0410 \\u2014 \\u0422\\u0435\\u0440\\u043c\\u0438\\u0447\\u0435\\u0441\\u043a\\u0438\\u0439 \\u0430\\u043d\\u0430\\u043b\\u0438\\u0437"}}]	27	10
70	2026-02-12 07:07:42.014758+00	11	Сидоров Сергей (sidorov_head)	2	[{"added": {"name": "\\u0414\\u043e\\u043f\\u043e\\u043b\\u043d\\u0438\\u0442\\u0435\\u043b\\u044c\\u043d\\u0430\\u044f \\u043b\\u0430\\u0431\\u043e\\u0440\\u0430\\u0442\\u043e\\u0440\\u0438\\u044f", "object": "\\u0421\\u0438\\u0434\\u043e\\u0440\\u043e\\u0432 \\u0421\\u0435\\u0440\\u0433\\u0435\\u0439 (sidorov_head) \\u2192 \\u041c\\u0418 \\u2014 \\u041c\\u0435\\u0445\\u0430\\u043d\\u0438\\u0447\\u0435\\u0441\\u043a\\u0438\\u0435 \\u0438\\u0441\\u043f\\u044b\\u0442\\u0430\\u043d\\u0438\\u044f"}}]	27	10
71	2026-02-15 17:07:57.049253+00	10	123 — штангель	1	[{"added": {}}, {"added": {"name": "equipment accreditation area", "object": "EquipmentAccreditationArea object (19)"}}]	11	10
72	2026-02-15 17:08:28.673363+00	11	1234 — Печка	1	[{"added": {}}, {"added": {"name": "equipment accreditation area", "object": "EquipmentAccreditationArea object (20)"}}, {"added": {"name": "equipment accreditation area", "object": "EquipmentAccreditationArea object (21)"}}]	11	10
73	2026-02-15 17:09:05.604439+00	11	1234 — Печка	2	[]	11	10
74	2026-02-15 17:09:15.572094+00	11	1234 — Печка	2	[{"changed": {"fields": ["Equipment type"]}}]	11	10
75	2026-02-16 15:56:58.034789+00	2	ГОСТ 2345-67 — Определение твёрдости по Роквелу	2	[{"added": {"name": "standard accreditation area", "object": "StandardAccreditationArea object (12)"}}]	24	10
76	2026-02-16 15:57:03.874799+00	1	ГОСТ 1234-56 — Определение предельной прочности при растяжении	2	[{"added": {"name": "standard accreditation area", "object": "StandardAccreditationArea object (13)"}}]	24	10
77	2026-02-16 15:57:18.484806+00	1	ГОСТ 1234-56 — Определение предельной прочности при растяжении	2	[{"deleted": {"name": "standard accreditation area", "object": "StandardAccreditationArea object (None)"}}]	24	10
78	2026-02-16 16:12:02.578826+00	3	ГОСТ 3456-78 — Термогравиметрический анализ	2	[{"added": {"name": "standard accreditation area", "object": "StandardAccreditationArea object (14)"}}]	24	10
79	2026-02-16 16:37:14.531711+00	4	ГОСТ 4567-89 — Определение коэффициента теплового расширения	2	[{"added": {"name": "standard accreditation area", "object": "StandardAccreditationArea object (20)"}}]	24	10
80	2026-02-21 12:27:36.266231+00	6	Гост 123 — Влагонасщение	1	[{"added": {}}, {"added": {"name": "standard accreditation area", "object": "StandardAccreditationArea object (21)"}}, {"added": {"name": "standard accreditation area", "object": "StandardAccreditationArea object (22)"}}, {"added": {"name": "\\u041f\\u0440\\u0438\\u0432\\u044f\\u0437\\u043a\\u0430 \\u0441\\u0442\\u0430\\u043d\\u0434\\u0430\\u0440\\u0442\\u0430 \\u043a \\u043b\\u0430\\u0431\\u043e\\u0440\\u0430\\u0442\\u043e\\u0440\\u0438\\u0438", "object": "\\u0413\\u043e\\u0441\\u0442 123 \\u2194 \\u0423\\u041a\\u0418"}}]	24	10
81	2026-02-22 21:05:11.289799+00	4	ИНУМИТ	2	[{"deleted": {"name": "\\u041a\\u043e\\u043d\\u0442\\u0430\\u043a\\u0442 \\u0437\\u0430\\u043a\\u0430\\u0437\\u0447\\u0438\\u043a\\u0430", "object": "\\u0411\\u0430\\u0431\\u043a\\u0438\\u043d \\u0410\\u043b\\u0435\\u043a\\u0441\\u0430\\u043d\\u0434\\u0440 (\\u0418\\u041d\\u0423\\u041c\\u0418\\u0422)"}}]	7	10
82	2026-02-23 08:26:58.830556+00	4	🏢 Заказчики и договоры	2	[{"added": {"name": "\\u0414\\u043e\\u0441\\u0442\\u0443\\u043f \\u043f\\u043e \\u0440\\u043e\\u043b\\u0438", "object": "CLIENTS \\u2192 CLIENT_MANAGER"}}]	32	10
83	2026-02-23 12:04:58.318086+00	7	CLIENTS — Справочник заказчиков	3		15	10
\.


--
-- Data for Name: django_content_type; Type: TABLE DATA; Schema: public; Owner: -
--

COPY public.django_content_type (id, app_label, model) FROM stdin;
1	admin	logentry
2	auth	group
3	auth	permission
4	contenttypes	contenttype
5	sessions	session
6	core	accreditationarea
7	core	client
8	core	clientcontact
9	core	climatelog
10	core	contract
11	core	equipment
12	core	equipmentaccreditationarea
13	core	equipmentmaintenance
14	core	holiday
15	core	journal
16	core	journalcolumn
17	core	laboratory
18	core	permissionslog
19	core	rolepermission
20	core	sample
21	core	samplemeasuringinstrument
22	core	sampleoperator
23	core	sampletestingequipment
24	core	standard
25	core	standardaccreditationarea
26	core	timelog
27	core	user
28	core	userpermissionoverride
29	core	weightlog
30	core	workshoplog
31	core	samplefile
32	core	workspacecard
\.


--
-- Data for Name: django_migrations; Type: TABLE DATA; Schema: public; Owner: -
--

COPY public.django_migrations (id, app, name, applied) FROM stdin;
1	core	0001_initial	2026-02-01 20:22:11.007496+00
2	contenttypes	0001_initial	2026-02-01 20:22:11.023547+00
3	admin	0001_initial	2026-02-01 20:22:11.034385+00
4	admin	0002_logentry_remove_auto_add	2026-02-01 20:22:11.036453+00
5	admin	0003_logentry_add_action_flag_choices	2026-02-01 20:22:11.038472+00
6	contenttypes	0002_remove_content_type_name	2026-02-01 20:22:11.047752+00
7	auth	0001_initial	2026-02-01 20:22:11.06944+00
8	auth	0002_alter_permission_name_max_length	2026-02-01 20:22:11.073518+00
9	auth	0003_alter_user_email_max_length	2026-02-01 20:22:11.075659+00
10	auth	0004_alter_user_username_opts	2026-02-01 20:22:11.077677+00
11	auth	0005_alter_user_last_login_null	2026-02-01 20:22:11.08016+00
12	auth	0006_require_contenttypes_0002	2026-02-01 20:22:11.08016+00
13	auth	0007_alter_validators_add_error_messages	2026-02-01 20:22:11.082694+00
14	auth	0008_alter_user_username_max_length	2026-02-01 20:22:11.085683+00
15	auth	0009_alter_user_last_name_max_length	2026-02-01 20:22:11.087705+00
16	auth	0010_alter_group_name_max_length	2026-02-01 20:22:11.09268+00
17	auth	0011_update_proxy_permissions	2026-02-01 20:22:11.098765+00
18	auth	0012_alter_user_first_name_max_length	2026-02-01 20:22:11.10027+00
19	sessions	0001_initial	2026-02-01 20:22:11.105752+00
20	core	0002_alter_sample_options_samplefile	2026-02-03 22:42:58.33268+00
\.


--
-- Data for Name: django_session; Type: TABLE DATA; Schema: public; Owner: -
--

COPY public.django_session (session_key, session_data, expire_date) FROM stdin;
7eo582p13niy14tgfrsvllto5nqyi647	.eJyrVopPLC3JiC8tTi2Kz0xRslIyNFDSQRZMSkzOTs0DySTnF6XqgSWgYnrOpcUl-bmhQGVOUFUoWjMSizOA-pRqAVG8JHs:1vngWW:osNwKShQDIhVejH1m-ITNGOVtu7gBgH5Q5Daslhm3W8	2026-02-18 17:18:40.381126+00
5s57safm4lk9w0dtgoyssso0xitnt1bp	.eJxtjkFLxEAMhf_LnJfF1XqwR_cqVETPQzpJ7bCdSUkySFn2vztdu6Ag5PLe-16Ss_NQbPRFSXxE17rDk9v9NnsIJ8prElhofw02b38sapw-Kva8UX-qI-hYe9WcQM0rpHkij2Dg2nP1ehYwlmW9WqEwRcp2E5xNINwkhMBphrzE_OmRg88l9SQ1fWge66jif9RQpslnSFRBQh0Uh8YaweEHFsJoYJGzB6H6lbuvgRpkBMFNfrGcrvtgUdce7nZOaGYxb8u87n196967Y_fiLpdv_alyiA:1vnhuy:RFJOQN1hdVUYoLB0oc7ac4fMPggHXp_RbuuT7VB0XHw	2026-02-18 18:48:00.635871+00
yail9y8yqcqghk860dpgipptk5qlchcj	.eJyrVopPLC3JiC8tTi2Kz0xRslIyNFLSQRZMSkzOTs0DySTnF6XqgSWgYnrOpcUl-bmhQGVOUFUoWjMSizOA-pRqAVJiJH0:1vnhw6:FmuXi0mdKOFagALIZE0rxXN43NcXedFq_H90fTyphdA	2026-02-18 18:49:10.278455+00
js7odv4w90hfrn9l9cd261jf9qoc89b4	.eJyrVopPLC3JiC8tTi2Kz0xRslIyNFLSQRZMSkzOTs0DySTnF6XqgSWgYnrOpcUl-bmhQGVOUFUoWjMSizOA-pRqAVJiJH0:1vnhwj:RzyDznhsc3QtXFIYuHuNYQrGty3Lbsk9uNu5s3Hd-fY	2026-02-18 18:49:49.797812+00
esdcetjhkrj28alb92zs30k9teln904r	.eJyrVopPLC3JiC8tTi2Kz0xRslIyNFLSQRZMSkzOTs0DySTnF6XqgSWgYnrOpcUl-bmhQGVOUFUoWjMSizOA-pRqAVJiJH0:1vnlIW:7CNxopdswXA6o1l6Jblmas796HTspS9ukdjHR-qOHZ4	2026-02-18 22:24:32.110465+00
r6i7iny2z7n1ic9b0we0y2ya63qhadaw	.eJyrVopPLC3JiC8tTi2Kz0xRslIyUtJBFktKTM5OzQNJJOcXpeqBJaBies6lxSX5uaFAZU5QVShaMxKLM4D6lGoBO9ckTA:1vn1FM:c4--ZwddM4tVNZnGokptTIehQF03_SAJdYhPWm1DzUg	2026-02-16 21:14:12.021996+00
cd5kvmbrz0wy37bfgyz2fx83nytjukry	.eJyrVopPLC3JiC8tTi2Kz0xRslIyUdJBFktKTM5OzQNJJOcXpeqBJaBies6lxSX5uaFAZU5QVShaMxKLM4D6lGoBPH0kTg:1vn1Lz:3Tp7U-cvFsK3PzpvRquQA4phXOyNTCeb9EQ7assLcjg	2026-02-16 21:21:03.720852+00
s76ejin3fm7qhbvfj6ndrwjfmxbsxmol	.eJyrVopPLC3JiC8tTi2Kz0xRslIyUdJBFktKTM5OzQNJJOcXpeqBJaBies6lxSX5uaFAZU5QVShaMxKLM4D6lGoBPH0kTg:1vn1OY:smDpqGlLkQT0aI_-rKNvjv7HhmyMJpnzGc_pnkI_TZc	2026-02-16 21:23:42.642993+00
qrpmeylm4d02c5ewxy5q38h0qzga7r40	.eJyrVopPLC3JiC8tTi2Kz0xRslIyUdJBFktKTM5OzQNJJOcXpeqBJaBies6lxSX5uaFAZU5QVShaMxKLM4D6lGoBPH0kTg:1vn1R3:gjJDbtLGEwH2e_tJYB5AJtrqguIqxqdyUrNESFJaSG0	2026-02-16 21:26:17.369553+00
yrdeu5rx1gwcfmcnsbq7s0e5zbotzdwl	.eJyrVopPLC3JiC8tTi2Kz0xRslIyUdJBFktKTM5OzQNJJOcXpeqBJaBies6lxSX5uaFAZU5QVShaMxKLM4D6lGoBPH0kTg:1vn1Sk:MSmeQ4c0L3fJRtaslzUhuDT9bCJ7Yl697vNo3us1d5E	2026-02-16 21:28:02.843569+00
3b2zydip1ft5gdb6sm56hfybq5unvkia	.eJyrVopPLC3JiC8tTi2Kz0xRslIyUdJBFktKTM5OzQNJJOcXpeqBJaBies6lxSX5uaFAZU5QVShaMxKLM4D6lGoBPH0kTg:1vn1d5:IgOQ09jYwdPAYzrjJxDWbt9bd78vYZZPDq79N3NDI58	2026-02-16 21:38:43.611039+00
7z4go80x6jwbyc5ddlfb8solwrdtgrzo	.eJyrVopPLC3JiC8tTi2Kz0xRslIyUdJBFktKTM5OzQNJJOcXpeqBJaBies6lxSX5uaFAZU5QVShaMxKLM4D6lGoBPH0kTg:1vn1kE:0E0jpy6w3jzrYQ94Nk9S0MPghVmxFEAtkf-dWt3jsOY	2026-02-16 21:46:06.79301+00
233k52cl845n4rj28ya93per8q0au33x	.eJyrVopPLC3JiC8tTi2Kz0xRslIyVdJBFktKTM5OzQNJJOcXpeqBJaBies6lxSX5uaFAZU5QVShaMxKLM4D6lGoBPNAkTw:1vn1lU:ta_l1tnonu2ecBH9RbDGvvARdYEIVlKj5Fx2yEi0tUI	2026-02-16 21:47:24.355908+00
s2ph9y0qw1plslj2lb2blakbk4ywsdwa	.eJyrVopPLC3JiC8tTi2Kz0xRslIyVNJBFktKTM5OzQNJJOcXpeqBJaBies6lxSX5uaFAZU5QVShaMxKLM4D6lGoBO4QkSw:1vn1pW:mD9x4hgBF3cB72iXgll37lYcFy53prbo19nXHmUw3U8	2026-02-16 21:51:34.214442+00
5b8quwl6e166wca83zdmgdis6wg7eq5d	.eJyrVopPLC3JiC8tTi2Kz0xRslIyUdJBFktKTM5OzQNJJOcXpeqBJaBies6lxSX5uaFAZU5QVShaMxKLM4D6lGoBPH0kTg:1vn1xO:qukZT18KbZ8vqijvSamDgpxWs5SjAz1LrFpZrwOlJlM	2026-02-16 21:59:42.610913+00
9g278lfq88ycqbf6g7ssv6ur4zxq4cgr	.eJyrVopPLC3JiC8tTi2Kz0xRslIyUdJBFktKTM5OzQNJJOcXpeqBJaBies6lxSX5uaFAZU5QVShaMxKLM4D6lGoBPH0kTg:1vn1zB:k_uhqp_SaJy5DvPJ-Ca8dOnsnjsbrL4ieKBceJqf8Xc	2026-02-16 22:01:33.784103+00
4vlbe9x1eslvvne6fz19i25xi9gcegni	.eJyrVopPLC3JiC8tTi2Kz0xRslIyUdJBFktKTM5OzQNJJOcXpeqBJaBies6lxSX5uaFAZU5QVShaMxKLM4D6lGoBPH0kTg:1vn24B:9hGcFWdiC13HIzGklyUcTrlEZHTKJU2I_icOJf73WfY	2026-02-16 22:06:43.417819+00
s0r0eylzfnhf59xfxwe6tl50t8b13c5w	.eJyrVopPLC3JiC8tTi2Kz0xRslIyUdJBFktKTM5OzQNJJOcXpeqBJaBies6lxSX5uaFAZU5QVShaMxKLM4D6lGoBPH0kTg:1vnABc:F58HV9l87aZesH4Q8etwq9hiyule0ulFosaiF8967Zs	2026-02-17 06:46:56.38686+00
0dhjppiftdyot90jf71ilkcbhp7zca5o	.eJyrVopPLC3JiC8tTi2Kz0xRslIyVdJBFktKTM5OzQNJJOcXpeqBJaBies6lxSX5uaFAZU5QVShaMxKLM4D6lGoBPNAkTw:1vnAJv:Ie575nbI9ZI5jGlECSiaiAP8ynl9lGRFEiJV9GEjla8	2026-02-17 06:55:31.601275+00
353z2lyhp2lk1vkeg12q7770xr80j97x	.eJyrVopPLC3JiC8tTi2Kz0xRslIyUdJBFktKTM5OzQNJJOcXpeqBJaBies6lxSX5uaFAZU5QVShaMxKLM4D6lGoBPH0kTg:1vnAfF:Crqkrp_i5yE2c5ytBmRKDykU5KUuWGhhWZ07ZZ7Q68A	2026-02-17 07:17:33.42965+00
8tgy8vuxy43iy7pbvzpvp3kha3av73dj	.eJyrVopPLC3JiC8tTi2Kz0xRslIyUdJBFktKTM5OzQNJJOcXpeqBJaBies6lxSX5uaFAZU5QVShaMxKLM4D6lGoBPH0kTg:1vnCHP:Vm5q56AFwcxO-FIK0aBYUbPUmPYEECja3zdzWzMrJaA	2026-02-17 09:01:03.987736+00
hq2wh6ok430gufstpp1rzrgfttnocsd6	.eJyrVopPLC3JiC8tTi2Kz0xRslIyUdJBFktKTM5OzQNJJOcXpeqBJaBies6lxSX5uaFAZU5QVShaMxKLM4D6lGoBPH0kTg:1vnCWG:TuNN6CHtRH1_uzf2r_74CX9qqc6_S_FyJu6uTke1Xek	2026-02-17 09:16:24.595836+00
eh7bth4js0aj18efw3wnv1e4t6sbq676	.eJyrVopPLC3JiC8tTi2Kz0xRslIyVNJBFktKTM5OzQNJJOcXpeqBJaBies6lxSX5uaFAZU5QVShaMxKLM4D6lGoBO4QkSw:1vnCYF:q02DMZSq6LENCsG99nrnS5NxhCnZ5SUe-EMa8xEHKfc	2026-02-17 09:18:27.212568+00
wjsx2e298tm81vu2sxf7esiizllpxc5z	.eJyrVopPLC3JiC8tTi2Kz0xRslIyVdJBFktKTM5OzQNJJOcXpeqBJaBies6lxSX5uaFAZU5QVShaMxKLM4D6lGoBPNAkTw:1vnCZP:p2N34D4tsf5XRPqo51BJII7u-5v78vR5vPKDpowRx6M	2026-02-17 09:19:39.63087+00
xcoze127yx07ojl4soz0b6k0fwupwc9a	.eJyrVopPLC3JiC8tTi2Kz0xRslIyVdJBFktKTM5OzQNJJOcXpeqBJaBies6lxSX5uaFAZU5QVShaMxKLM4D6lGoBPNAkTw:1vnG3E:BI-fx2gVgcq42iD0ToHhYWeVKvSv6irxfkCpp7C07TI	2026-02-17 13:02:40.242558+00
rf4i4ewm3k8sxmcwpipu0awv3r82z5gb	.eJyrVopPLC3JiC8tTi2Kz0xRslIyUdJBFktKTM5OzQNJJOcXpeqBJaBies6lxSX5uaFAZU5QVShaMxKLM4D6lGoBPH0kTg:1vnGVe:ruH0sYS46j1QBtSIqdF28delD0F78vMyCNIkMVXOzY0	2026-02-17 13:32:02.062285+00
kfik1psnmig9cordn3ac0t12rh60ntay	.eJyrVopPLC3JiC8tTi2Kz0xRslIyVdJBFktKTM5OzQNJJOcXpeqBJaBies6lxSX5uaFAZU5QVShaMxKLM4D6lGoBPNAkTw:1vnGgH:uUGCwVIbzNnUzMATLu7GwN08sTV8H947TrpzSnxJlfM	2026-02-17 13:43:01.195252+00
k7h64bmdi4v6oqxq1s4t7woov8lhzvp2	.eJyrVopPLC3JiC8tTi2Kz0xRslIyUdJBFktKTM5OzQNJJOcXpeqBJaBies6lxSX5uaFAZU5QVShaMxKLM4D6lGoBPH0kTg:1vnNxp:aZE3kyBoU2diEWMSJext0pZw1mCk4pOdMigeRMicvCg	2026-02-17 21:29:37.339541+00
dnn2xr6o0wb31ciab65jwvhcx2s4qje4	.eJyrVopPLC3JiC8tTi2Kz0xRslIyUdJBFktKTM5OzQNJJOcXpeqBJaBies6lxSX5uaFAZU5QVShaMxKLM4D6lGoBPH0kTg:1vnWi6:pi2C09eOoddXnApzTLNcZofVeI8LqogjMsABOGfiXZ4	2026-02-18 06:49:58.401352+00
ysq1z2c6yrin6cfkkwsdp3xku22kcqpw	.eJyrVopPLC3JiC8tTi2Kz0xRslIytFTSQRZMSkzOTs0DySTnF6XqgSWgYnrOpcUl-bmhQGVOUFUoWjMSizOA-pRqAVSnJIQ:1vnYDQ:iQ_8L1aai6o4Zra_UpI-JJTTSEp79v7x8d68nVqaFRs	2026-02-18 08:26:24.474792+00
a8ajxaa9rl32k6yof7c96cr2tn4k83ar	.eJyrVopPLC3JiC8tTi2Kz0xRslIytFTSQRZMSkzOTs0DySTnF6XqgSWgYnrOpcUl-bmhQGVOUFUoWjMSizOA-pRqAVSnJIQ:1vnYN7:SDYPZS5toWJIPGtUDfuhXDlMdW4OSxEiFJIAa2foIDY	2026-02-18 08:36:25.283579+00
of1m8mex2m2xn4hu62m4nhraa19hiqkc	.eJxtUE1rwzAM_S8-l5K2uTTH9TrIGNttIBRbXUz9EWSZEkr_--w0gw52eeh9yM_opgCzjJATMVijOrU7qs2zOKC-UKiOjkzbxVi17Sknif6zxF7W1J_VEdNY9oroMAkk9JMjMCioulvRhsgokefaWkLaWQpSyL6SGIRR_1LUOvoJw2zDN5ioIWQ_EBf3sGeG9r_IOTsHAT2V1Fdu2sOwoHmaacFzxbZ5KI-XmIwVFBsDIBOuv0iCwSDXY9TGa-TLUoZzUt2u2SimKbKAzFMtfXvvP_pT_6ru9x9qbXlQ:1vnYu5:h7-50hej4d_olxSuhD1BXOFQ75CfpNwiGYVJzqxI4X4	2026-02-18 09:10:29.804534+00
ax1ik6vc4iidqa6sguwzazkwb83xae1r	.eJyrVopPLC3JiC8tTi2Kz0xRslIyV9JBFktKTM5OzQNJJOcXpeqBJaBies6lxSX5uaFAZU5QVShaMxKLM4D6lGoBPXYkUQ:1vuGfo:CvqEf83EimX1tzwtRrAfVS82JQBfE80cAXka0xtN2ao	2026-03-08 21:07:28.259326+00
myu9zdccpnunqgazah8lwrh7st0h1clm	.eJxtkEFrwzAMhf-Lz6WkS9khx_U6yCjbbSAUW1tMYyvIMiOU_vfZaQsd7GL8Pj3pCZ0NYNYRciIB70xnnnZm8wgHtCeKtWJZaLsWbmx7yEk5fBTby831p3XENJa-AidMCgnDPBE4VDTdubCBBZVlKZ4aaidPUe-Cowrau0RrOcwYFx-_wbGFmMNAUvdt_yt_5WmCiIGK4zM3-31b37ZZ_88PBK_8OkPIeUX1HAGFypamDk-K0aGsxynyh-W0xuCSTLdrNkZoZlHQZa5xb8f-vT_0r-Zy-QVTknU-:1vniYX:PFl_YCRZc0HfklY5azdrzyiKflcWnXOV6UIVjwxQ9Fw	2026-02-18 19:28:53.883267+00
37ga9aej28n2p0ofupzdlmu72cs50ekz	.eJyrVopPLC3JiC8tTi2Kz0xRslIytFTSQRZMSkzOTs0DySTnF6XqgSWgYnrOpcUl-bmhQGVOUFUoWjMSizOA-oCCpXlpRflVqXnxRanpmcUlRYklmfl58aZGSlYlRaWpOOUtCMibQORrAeaJSO8:1vs56q:HW4bmBtB8v7JiwfIoRm2IoLaUbQQLo5kVBJT-YmpofQ	2026-03-02 20:22:20.257756+00
zp3zsjcnb719fuv048s40rz1bu0umicy	.eJxtjsFOw0AMRP9lz1VFW9pDjvSKFITo2XJ2DVk1u45sLyiq-u9sSiqBxHFm3ox9cYDFeihKAjG4xm03bvXb7NCfKc-JZ6H1LVi89bGocTpV7Gmh_lR71L72qjmgGiimcSAIaOiaS_U6FjSWqTLzUT9EynYXnE3Q3yV6z2nEPMX8AYE95JI6kpoeHg_b3f4_5L0MA2RMVKmgGj5VfzChEA0tcgYUqs-4XQ3UMAeUsFz8YjnflnBS12weVk5oZDGwaZwXX17bt_bYPrvr9Rvfo29M:1vnlaR:9tOGto5welv6cSQMqbPUM37VMkQU98Ah9nqJrpzpMDo	2026-02-18 22:43:03.072566+00
9p89wl3uodnabxsyca3d2mlw1etjesvz	.eJyrVopPLC3JiC8tTi2Kz0xRslIytFTSQRZMSkzOTs0DySTnF6XqgSWgYnrOpcUl-bmhQGVOUFUoWjMSizOA-pRqAVSnJIQ:1vsEhj:8kue5a1iCmle5jzbOkh9z4f1sg8TJcTiQS1BEy0fmnI	2026-03-03 06:37:03.27413+00
9v2p9zi3w5prgg3i6iurl7tdmdl8ktki	.eJyrVopPLC3JiC8tTi2Kz0xRslIytFTSQRZMSkzOTs0DySTnF6XqgSWgYnrOpcUl-bmhQGVOUFUoWjMSizOA-pRqAVSnJIQ:1vtpzF:rKeVBZBKo1gVTB3QxDgdxgKxF8dTcqqFuUnLu_XmT8E	2026-03-07 16:37:45.792716+00
f7x3utwkk3871szw41u2a4w0sbfb8q7u	.eJyrVopPLC3JiC8tTi2Kz0xRslIytFTSQRZMSkzOTs0DySTnF6XqgSWgYnrOpcUl-bmhQGVOUFUoWjMSizOA-pRqAVSnJIQ:1vqFIB:-CtYUkwxAwwgdelgKuwl_M8IZdleWCIrzVQZR-5KieA	2026-02-25 18:50:27.966659+00
ksgxedibxxlyazb56li3tsmzs2l6xoj0	.eJyrVopPLC3JiC8tTi2Kz0xRslIytFTSQRZMSkzOTs0DySTnF6XqgSWgYnrOpcUl-bmhQGVOUFUoWjMSizOA-pRqAVSnJIQ:1vuQTs:EuGHGSirgptCHknhCqpCKin45qy20ebmQjekF3gKJGM	2026-03-09 07:35:48.584975+00
f7ii9zr8423hjp1gvvgt86ifvl0cw9hf	.eJyrVopPLC3JiC8tTi2Kz0xRslIytFTSQRZMSkzOTs0DySTnF6XqgSWgYnrOpcUl-bmhQGVOUFUoWjMSizOA-pRqAVSnJIQ:1vtq09:64LiT7denGlmRlfcTPQKGphMupAmTsUTqzdeEN4Aefc	2026-03-07 16:38:41.662892+00
3301kj5mqqkmz0upppjdefjz678p6p0c	.eJyrVopPLC3JiC8tTi2Kz0xRslIyNFbSQRZMSkzOTs0DySTnF6XqgSWgYnrOpcUl-bmhQGVOUFUoWjMSizOA-pRqAVK1JH4:1voVVw:rvM8y0ZJhsOTJIN-my3vex1fR9v0kk2dq178inD95c0	2026-02-20 23:45:28.502134+00
8ealxyb22u7ct3x05vhdk34marg2e8af	.eJyrVopPLC3JiC8tTi2Kz0xRslIyMlLSQRZMSkzOTs0DySTnF6XqgSWgYnrOpcUl-bmhQGVOUFUoWjMSizOA-pRqAVK2JH4:1vnmAe:HHDy8jihvSi3DA2Ir_8dQ5YfGJyMrpFuKikMNAV46fg	2026-02-18 23:20:28.033742+00
xod2fz7osshicjsols8ab2tbzelthkbj	.eJyrVopPLC3JiC8tTi2Kz0xRslIytFTSQRZMSkzOTs0DySTnF6XqgSWgYnrOpcUl-bmhQGVOUFUoWjMSizOA-pRqAVSnJIQ:1voetO:AQ9IaGcmSWTsRaiGmrp_5RM6q_hS56ndD_JmtRtOuqU	2026-02-21 09:46:18.591063+00
rfi9zbtmafl4bduyelnzz6qyskf6jllg	.eJyrVopPLC3JiC8tTi2Kz0xRslIytFTSQRZMSkzOTs0DySTnF6XqgSWgYnrOpcUl-bmhQGVOUFUoWjMSizOA-pRqAVSnJIQ:1vpZI4:K0MfzBhzVN0TSUjjgReiEtmKl7TtWVTvbnZydz3x_yA	2026-02-23 21:59:32.303613+00
8lv432t07wdipxs621lmh71ga4v471c5	.eJyrVopPLC3JiC8tTi2Kz0xRslIytFTSQRZMSkzOTs0DySTnF6XqgSWgYnrOpcUl-bmhQGVOUFUoWjMSizOA-pRqAVSnJIQ:1vsFOD:4hmeXVgELN1BgPHGOBEoaF7Ak2MzcTWTTt764U6mgJk	2026-03-03 07:20:57.894631+00
4mp7zyaf6ob1ys3imchxqfs3zwlugl1b	.eJyrVopPLC3JiC8tTi2Kz0xRslIyNFTSQRZMSkzOTs0DySTnF6XqgSWgYnrOpcUl-bmhQGVOUFUoWjMSizOA-pRqAVIPJHw:1vqQno:lI7UEOa4c1T6uHMxTI-rmXSf3f7v4nfQUBaom0oU5Aw	2026-02-26 07:07:52.009575+00
at3p2g76pxaglk96ib1dhrldgwr1y3zn	.eJyrVopPLC3JiC8tTi2Kz0xRslIyNFLSQRZMSkzOTs0DySTnF6XqgSWgYnrOpcUl-bmhQGVOUFUoWjMSizOA-pRqAVJiJH0:1vnmM1:G8dcoz7ZwF61NwtY_dj_oHbnRTezMbcseavB-UjK5b8	2026-02-18 23:32:13.504469+00
v8qta13nonwuze6l5h8eafwei0ea0yvo	.eJyrVopPLC3JiC8tTi2Kz0xRslIytFTSQRZMSkzOTs0DySTnF6XqgSWgYnrOpcUl-bmhQGVOUFUoWjMSizOA-pRqAVSnJIQ:1vsTQP:qTC3btpW3U7P6a4f5ZzGJfy9YSCB2CiGOwE4lhew1WI	2026-03-03 22:20:09.330554+00
ntgbgmvrv593nu36ssbgw5zgrx5tvo0z	.eJyrVopPLC3JiC8tTi2Kz0xRslIyV9JBFktKTM5OzQNJJOcXpeqBJaBies6lxSX5uaFAZU5QVShaMxKLM4D6lGoBPXYkUQ:1voi4C:4jO2gLxzNLWvw3h5Qd0jCqIr_aOwt2qKIcdKg_LQ1AU	2026-02-21 13:09:40.201228+00
xm2ccop3js2jrmpc3oytkh0o054zj4tj	.eJxtjrtuwzAMRf9FcxAkbZd6bNYCLoJ2FmiJroVIokFRCYwg_x4q9dACHc-9h4-rsVBlsrUg2-BNZ_avZvM7HMCdMLfGEeP2UazZ9lCLUPpS7W21_oxOUCad0zBCEVsgzRGtBwHTXTUbiEGIl3ZVJRcDZlF4bkBZGFzDF0VwjtIMeQn523pyNtc0IGs74uVfYawx2gwJ1fFjORd3_tEYfRCQQNkCo75inrQoAtkD-xUvxKfHJliK6fa7jWGcicXKMreNH8f-sz_07-Z2uwN9nm-J:1vo3NH:ZJ7VchLUBnwSBgyGkCvpPuZ4mhknXjCWiDTkuacGtFA	2026-02-19 17:42:39.280604+00
k88ds8esyfxrqc693zky1jk7cv5ri0vw	.eJyrVopPLC3JiC8tTi2Kz0xRslIytFTSQRZMSkzOTs0DySTnF6XqgSWgYnrOpcUl-bmhQGVOUFUoWjMSizOA-pRqAVSnJIQ:1vp6LI:ToClf4mCw3QmqBCDUxPP9-FPrgSQ6vOs8iWlo0eMdng	2026-02-22 15:04:56.855688+00
fzfxobw2shqz9gpilh1vwgvlxqwja6gm	.eJyrVopPLC3JiC8tTi2Kz0xRslIyV9JBFktKTM5OzQNJJOcXpeqBJaBies6lxSX5uaFAZU5QVShaMxKLM4D6lGoBPXYkUQ:1vphbX:SpvErPdf5jgasIcR_mSFGNHRlINawicC3QbyN9Lw-QE	2026-02-24 06:52:11.2066+00
a3ide5jsj9t83wrnejblhmn229a5iy49	.eJyrVopPLC3JiC8tTi2Kz0xRslIytFTSQRZMSkzOTs0DySTnF6XqgSWgYnrOpcUl-bmhQGVOUFUoWjMSizOA-pRqAVSnJIQ:1vtAHZ:atflHsAZvuNeGBC8y9s9TO2Jk0ldn86co-XPYTb0pZk	2026-03-05 20:05:53.716222+00
heu5jpm3k2t0q1s4f2ombtvl14tdcqqq	.eJyrVopPLC3JiC8tTi2Kz0xRslIytFDSQRZMSkzOTs0DySTnF6XqgSWgYnrOpcUl-bmhQGVOUFUoWjMSizOA-pRqAVRUJIM:1vp6MY:iRZtmTo0ZYtjfR8_i1JolZqCCnF06pBAg6-jm-YrE9Y	2026-02-22 15:06:14.67119+00
0gxy8xy06hpt9skhxhb1z7rpmlnru11q	.eJyrVopPLC3JiC8tTi2Kz0xRslIyMlDSQRZMSkzOTs0DySTnF6XqgSWgYnrOpcUl-bmhQGVOUFUoWjMSizOA-pRqAVIQJHw:1vphdP:60rJcIBsgJjEnN8QnwUTTvAym-I9LImohHOMSatt3uc	2026-02-24 06:54:07.905591+00
0ulpp4dfg6p4mceg7onyqmou179sjwng	.eJxtjsFuAjEMRP8lZ4SAthz22KpXOPVseRPTjUjsleOoWiH-nUBTqZV69Js3I18cYLUJaiGFGNzgdm71m43oz8T3wIvS-hF0tn6rxSR_NO21W3-qE5ap9RpMWAwK5jkRBDR0w6WxURRNdGnOtkk-RWLrH3hhU_Q_J3oveUZeIn9CEA9c80ja0v3zfvf08p9yqikBY6ZmlXD6VpRCNLQoDKiEfb4YckAN_ZMv0fNjBZfihu1m5ZRmUQNb5vva4Xh4d9frDQikbA0:1vo8H4:6fFe72hz3NI4Tj_snWk-9GaWyU3gIdYBpN05S5Vl-SE	2026-02-19 22:56:34.795904+00
wvrvbgmal44bmdgmiy7uuxulxiy2rzhn	.eJyrVopPLC3JiC8tTi2Kz0xRslIyNFbSQRZMSkzOTs0DySTnF6XqgSWgYnrOpcUl-bmhQGVOUFUoWjMSizOA-pRqAVK1JH4:1vo3LU:tp7XvR91i_5BnvEWWf9gLXZq-wL_ffDFxWyhpWFzM0o	2026-02-19 17:40:48.678081+00
d6or7gaty5zp50vddpakd33s7s1xt65l	.eJyrVopPLC3JiC8tTi2Kz0xRslIyNFTSQRZMSkzOTs0DySTnF6XqgSWgYnrOpcUl-bmhQGVOUFUoWjMSizOA-pRqAVIPJHw:1voi88:e3QSaYRjCX9Uy-CQUxnDpUSi2lm0D52Vb2MWpu4mlA8	2026-02-21 13:13:44.361838+00
i5jvow2dwhutdgptk39qhjgaakn902it	.eJyrVopPLC3JiC8tTi2Kz0xRslIyMlLSQRZMSkzOTs0DySTnF6XqgSWgYnrOpcUl-bmhQGVOUFUoWjMSizOA-pRqAVK2JH4:1vo58n:5hjlMoUMGbMWdM6FkNf_Wc5vjEoHh3Mr7t_Pm4rEHOE	2026-02-19 19:35:49.092634+00
v1hpr1rsmhfhjrqnwm2r14yxpk09ht79	.eJyrVopPLC3JiC8tTi2Kz0xRslIyV9JBFktKTM5OzQNJJOcXpeqBJaBies6lxSX5uaFAZU5QVShaMxKLM4D6lGoBPXYkUQ:1vpAMq:4itDyUCQ5bcB5ZwX83coFlF06vu3SH6SZNgPbiTBusE	2026-02-22 19:22:48.248832+00
oemf9mkaammwt4j0cby3rwzwxacgy1fu	.eJyrVopPLC3JiC8tTi2Kz0xRslKyVNJBFktKTM5OzQNJJOcXpeqBJaBies6lxSX5uaFAZU5QVShaMxKLM4D6lGoBPhwkUw:1vuUrX:w-iRF9H-OscoTZXrYFaQesx8IvvxqBa8_CgUgOtW6SE	2026-03-09 12:16:31.295051+00
nebh2l78b8xp2nir5up0koc79b4959gm	.eJyrVopPLC3JiC8tTi2Kz0xRslIyU9JBFktKTM5OzQNJJOcXpeqBJaBies6lxSX5uaFAZU5QVShaMxKLM4D6lGoBPSMkUA:1vo5AJ:QuWukyQPgK7Q-QtgI8vbUcsU5msaQua6PC9vgOwJ5Ds	2026-02-19 19:37:23.111683+00
ixtbyigrmg53somqmthkn0jki09fjplt	.eJyrVopPLC3JiC8tTi2Kz0xRslIyUtJBFktKTM5OzQNJJOcXpeqBJaBies6lxSX5uaFAZU5QVShaMxKLM4D6lGoBO9ckTA:1vpslx:a9mxr1Hj_vSfqs8DFnbniNR90yvEJeDf11_6wCIkrk8	2026-02-24 18:47:41.784239+00
djhwlcyuhr3ytrnmxmep9j6mz04iy1j7	.eJyrVopPLC3JiC8tTi2Kz0xRslIyUtJBFktKTM5OzQNJJOcXpeqBJaBies6lxSX5uaFAZU5QVShaMxKLM4D6lGoBO9ckTA:1vtL1M:wX9WtsqxWh7JIYwZYsX8h46cZXdBDFDIv2KcmI6cIr4	2026-03-06 07:33:52.817693+00
gwomqlest2j15bnah19nehoyuup6urr2	.eJyrVopPLC3JiC8tTi2Kz0xRslIytFTSQRZMSkzOTs0DySTnF6XqgSWgYnrOpcUl-bmhQGVOUFUoWjMSizOA-pRqAVSnJIQ:1vuZl8:KwWwDB4t3qg8mjPVSud4lVIwLeUHsxRWuZCYBqM73rg	2026-03-09 17:30:14.916626+00
37yvpbihyrvxm55vfvnwha04z5ii7qjg	.eJyrVopPLC3JiC8tTi2Kz0xRslIyU9JBFktKTM5OzQNJJOcXpeqBJaBies6lxSX5uaFAZU5QVShaMxKLM4D6lGoBPSMkUA:1vo5Aj:A9195xpRKzDZC1Y20evrlSEQmerRfVDp0r86Dxfw3Gs	2026-02-19 19:37:49.64497+00
8xnyrfx4xr3dzxv4afp0vyb2qmmx7a4s	.eJyrVopPLC3JiC8tTi2Kz0xRslIytFTSQRZMSkzOTs0DySTnF6XqgSWgYnrOpcUl-bmhQGVOUFUoWjMSizOA-pRqAVSnJIQ:1vpt4r:zc8p1Kzrf1XJsidfh2g1oeDUoIA7JWNqQDUpWrulZqI	2026-02-24 19:07:13.893986+00
nuzsyaawbo3bzcereb8i6i5bk7f0kinv	.eJyrVopPLC3JiC8tTi2Kz0xRslIyMlLSQRZMSkzOTs0DySTnF6XqgSWgYnrOpcUl-bmhQGVOUFUoWjMSizOA-pRqAVK2JH4:1vo5FE:755JLryK_CqsYQ4BIVq2VB_WdDMtZatxRk8XKWMbSxs	2026-02-19 19:42:28.355313+00
eci797t372sqsf174j1qjvrmr06v8yx7	.eJyrVopPLC3JiC8tTi2Kz0xRslIyV9JBFktKTM5OzQNJJOcXpeqBJaBies6lxSX5uaFAZU5QVShaMxKLM4D6lGoBPXYkUQ:1vtWtZ:IxOPlO1m4xyfPO3aP-v925OgdeH_oNHivvAy0DMs-jo	2026-03-06 20:14:37.862385+00
wljxm96373jk3f8mo7oh45vb0slbkdo7	.eJyrVopPLC3JiC8tTi2Kz0xRslIyMlLSQRZMSkzOTs0DySTnF6XqgSWgYnrOpcUl-bmhQGVOUFUoWjMSizOA-pRqAVK2JH4:1vo6Zn:n1XVXraocoGEAzEtLo2PCr90F3MOjnqNJM05hmA3WJk	2026-02-19 21:07:47.879743+00
w2ys2jf1r6ax0dnmx1weoja6mlfuaipu	.eJyrVopPLC3JiC8tTi2Kz0xRslIyMlDSQRZMSkzOTs0DySTnF6XqgSWgYnrOpcUl-bmhQGVOUFUoWjMSizOA-pRqAVIQJHw:1voiVy:nraF0UvlO6muZ7KSAMGe-2gImWPDUCcMszOm3-dIYiM	2026-02-21 13:38:22.36129+00
zl6arkg5106m6ygwmg4kvbytczf606cx	.eJyrVopPLC3JiC8tTi2Kz0xRslIyMlDSQRZMSkzOTs0DySTnF6XqgSWgYnrOpcUl-bmhQGVOUFUoWjMSizOA-pRqAVIQJHw:1vpw7k:CSSozbFCJaQFzdLvFM7BFoDILtDTBjL2ETLDeKkq7eg	2026-02-24 22:22:24.631021+00
g2azdilj0w0ijkwy9hn1nj8uycx3xi8j	.eJyrVopPLC3JiC8tTi2Kz0xRslIytFTSQRZMSkzOTs0DySTnF6XqgSWgYnrOpcUl-bmhQGVOUFUoWjMSizOA-pRqAVSnJIQ:1vrhh7:ZBXozNGTDHtLjLW7vsJMCOFax8jwbdybU6mahkMGsXI	2026-03-01 19:22:13.276963+00
4s85hfr4xsktm0mlk17iu9zcvd7wscjk	.eJxtj81qAzEMhN_F5xCan0v32FwLW0J6FlpbzZrY1iLLhCXk3WunW2ghx5n5ZoRuBrDoCCWTgHemM5tXs_prDmgvlFpiWWj9CBZvfShZOX5W7G2h_lVHzGPtVTNgVsgYp0DgUNF0t-oNLKgsc7taIRs8Ja1i2wQnFbS_Eq3lOGGafTqDYwupxIGkpld5Fn-VECBhpErITra7H0jIeUX1nACFcBnPismhtB_3VV5ZLo8dnLPpNi8rIzSxKOg8tb2PY3_qD_27ud-_AYWbbXg:1vo6eU:dn9hzGJwZyLDni8VYO5Vgoq_i5mlf1q_cNtF2L0neYk	2026-02-19 21:12:38.320889+00
98t84t2dwz9xszd1brf71mfsnfknvgwq	.eJyrVopPLC3JiC8tTi2Kz0xRslIyUtJBFktKTM5OzQNJJOcXpeqBJaBies6lxSX5uaFAZU5QVShaMxKLM4D6lGoBO9ckTA:1voj1Q:wwfd-RQ7XKmMLlYdBqXftK56YehgaaQU6lk9HcwRlHs	2026-02-21 14:10:52.384957+00
8tesresv900pe4uirgk0hisfhyu80cth	.eJyrVopPLC3JiC8tTi2Kz0xRslIyNFDSQRZMSkzOTs0DySTnF6XqgSWgYnrOpcUl-bmhQGVOUFUoWjMSizOA-pRqAVG8JHs:1vtm49:jz02F2ax5PRS4rmLYwhpxgtIccsCsmB7jNTEAyCzf60	2026-03-07 12:26:33.900238+00
cxd9n3vgavpycqkis3g8crmkp63is3h7	.eJyrVopPLC3JiC8tTi2Kz0xRslIyMlLSQRZMSkzOTs0DySTnF6XqgSWgYnrOpcUl-bmhQGVOUFUoWjMSizOA-pRqAVK2JH4:1vo6hw:8WiPXJBl4shkF7jOHjrbXL8Gx0wlZURwk2SdekQ-A3M	2026-02-19 21:16:12.581516+00
i8fgugzbdclceyrr2se9vezw6wroifrv	.eJyrVopPLC3JiC8tTi2Kz0xRslIyNFTSQRZMSkzOTs0DySTnF6XqgSWgYnrOpcUl-bmhQGVOUFUoWjMSizOA-pRqAVIPJHw:1vpDy4:xsIhIaqh1i-c_QVdmXgYkzv7GCj95hOlMrAmlf6A5e8	2026-02-22 23:13:28.397389+00
2kzl0j1yon5qmvm0mto2yc4jh7yykmco	.eJyrVopPLC3JiC8tTi2Kz0xRslIytFTSQRZMSkzOTs0DySTnF6XqgSWgYnrOpcUl-bmhQGVOUFUoWjMSizOA-pRqAVSnJIQ:1vo6yM:y3dRO88J_80FPJJ--SIqUF5gHEuPHrIDnpgTzJhj_EY	2026-02-19 21:33:10.994356+00
624xrrcqusievoqaoxd53krr1qqxisil	.eJyrVopPLC3JiC8tTi2Kz0xRslIytFTSQRZMSkzOTs0DySTnF6XqgSWgYnrOpcUl-bmhQGVOUFUoWjMSizOA-pRqAVSnJIQ:1vo7a5:I9E6vmrADvHA2X45INZQc62QhaxkHglFXX3eq3tISLo	2026-02-19 22:12:09.567201+00
gb96609o4j66g203q1j24ioqqhdepw8m	.eJyrVopPLC3JiC8tTi2Kz0xRslIyMlLSQRZMSkzOTs0DySTnF6XqgSWgYnrOpcUl-bmhQGVOUFUoWjMSizOA-pRqAVK2JH4:1vo7es:7kYa1SMtJHiGhO7vGeSCqrc2jjK6L0fOH7tDinIRK3o	2026-02-19 22:17:06.579813+00
dw5yor85547854cy5ugiyd86fvnt6htm	.eJyrVopPLC3JiC8tTi2Kz0xRslIyMlLSQRZMSkzOTs0DySTnF6XqgSWgYnrOpcUl-bmhQGVOUFUoWjMSizOA-pRqAVK2JH4:1voGE4:mnc0dT9EIfDlNYacHQrImelBWK0fn7EAlrl2Yr-fYaU	2026-02-20 07:26:00.968026+00
81us617njo170zo1tzl8qvumkxe3co9d	.eJyrVopPLC3JiC8tTi2Kz0xRslIyV9JBFktKTM5OzQNJJOcXpeqBJaBies6lxSX5uaFAZU5QVShaMxKLM4D6lGoBPXYkUQ:1vorAP:1II4JjUo9T0vRRi8VwyQKDXWibQDHblE7LeBNlqASqw	2026-02-21 22:52:41.548286+00
vrtkchmkq10j8muies658k63q9nlhigo	.eJyrVopPLC3JiC8tTi2Kz0xRslIyUtJBFktKTM5OzQNJJOcXpeqBJaBies6lxSX5uaFAZU5QVShaMxKLM4D6lGoBO9ckTA:1vpLLd:h00ifmcQGkuwFwf6WGdTkfQ7NhFoPOkoDqHW0lJ_F0o	2026-02-23 07:06:17.585072+00
w1mamfz5na91wor15lkc3bj82mf8th8e	.eJyrVopPLC3JiC8tTi2Kz0xRslIytFTSQRZMSkzOTs0DySTnF6XqgSWgYnrOpcUl-bmhQGVOUFUoWjMSizOA-pRqAVSnJIQ:1voH0J:OAaqCaCXb7fyj5FyHzMPUBmwMmhfRosaA6pJy34nHj0	2026-02-20 08:15:51.39017+00
yth4bfpn0linsda9to8lrj7zonjutchx	.eJyrVopPLC3JiC8tTi2Kz0xRslIytFDSQRZMSkzOTs0DySTnF6XqgSWgYnrOpcUl-bmhQGVOUFUoWjMSizOA-pRqAVRUJIM:1vorRp:CyZNyPy0rRjJTswkRT7sl4VQCt21-myTHY_2QTrdFjc	2026-02-21 23:10:41.834138+00
q64jk6uabxqffbh5ixfiw2ffrv2cmhmc	.eJyrVopPLC3JiC8tTi2Kz0xRslIyV9JBFktKTM5OzQNJJOcXpeqBJaBies6lxSX5uaFAZU5QVShaMxKLM4D6lGoBPXYkUQ:1vtw4a:F6OU5AZfnsbo8OmDXEtT5uI8WJMMW_RdLdbdPskLb6o	2026-03-07 23:07:40.204059+00
upxmyiy7zqivas2s7i359afkcbo21w1p	.eJyrVopPLC3JiC8tTi2Kz0xRslIyMlLSQRZMSkzOTs0DySTnF6XqgSWgYnrOpcUl-bmhQGVOUFUoWjMSizOA-pRqAVK2JH4:1voH3K:Skh_hD9R7mKsrTjaUbX45qCXn_R3cVbz7-G15G46HPk	2026-02-20 08:18:58.960203+00
7ndjqm6idcailpj9x7xawp9nqpgnmh28	.eJyrVopPLC3JiC8tTi2Kz0xRslIyMlDSQRZMSkzOTs0DySTnF6XqgSWgYnrOpcUl-bmhQGVOUFUoWjMSizOA-pRqAVIQJHw:1vorgU:DrLPJoWNf1M0mNEw6MS7dVd3xA8FBZmil2FSuOePEJg	2026-02-21 23:25:50.352909+00
x5mgt7w6jq8om50kpwhp8n5roqv4p8o1	.eJyrVopPLC3JiC8tTi2Kz0xRslIytFTSQRZMSkzOTs0DySTnF6XqgSWgYnrOpcUl-bmhQGVOUFUoWjMSizOA-pRqAVSnJIQ:1vpLeA:ZRYyJIubPWRqehHvADoQyXtZpYJC2RkJi3W_w44n7UI	2026-02-23 07:25:26.006001+00
glgcv8hjtqajb5iyphiwnndvc08lpqwp	.eJyrVopPLC3JiC8tTi2Kz0xRslIytFDSQRZMSkzOTs0DySTnF6XqgSWgYnrOpcUl-bmhQGVOUFUoWjMSizOA-pRqAVRUJIM:1vp0a7:ruOLP6W2Z8bx0sx6LtNHhFBH-SlJphw1XyR9R4HuqV0	2026-02-22 08:55:51.013493+00
27uvsdj01l7avuvz73s16m36nylt7yps	.eJyrVopPLC3JiC8tTi2Kz0xRslIyNFbSQRZMSkzOTs0DySTnF6XqgSWgYnrOpcUl-bmhQGVOUFUoWjMSizOA-pRqAVK1JH4:1vtmPa:oeTTtPNe1KFfibCLDatz4P0CqL-_pSn8rvjlNmMoLeY	2026-03-07 12:48:42.196039+00
dp7kgzohuvb87baplmq9awzwt3eda7bx	.eJyrVopPLC3JiC8tTi2Kz0xRslIytFDSQRZMSkzOTs0DySTnF6XqgSWgYnrOpcUl-bmhQGVOUFUoWjMSizOA-pRqAVRUJIM:1vp0aO:8Bw8z8pnOXOmjDw7A7cMKPL2V4wMbOAnpsS4KG_L4b4	2026-02-22 08:56:08.464203+00
lmhm24kalr3wqzco7s6laxteiuataby5	.eJyrVopPLC3JiC8tTi2Kz0xRslIyNlLSQRZMSkzOTs0DySTnF6XqgSWgYnrOpcUl-bmhQGVOUFUoWjMSizOA-pRqAVMKJH8:1vtmQ5:KKECbmfZknTej-tUmMLjEete_tCi-W_zcJQwTzS8TZc	2026-03-07 12:49:13.772307+00
cqzf6vwupzxsvq6loi1fzbzyfcmigh4w	.eJyrVopPLC3JiC8tTi2Kz0xRslIyMlDSQRZMSkzOTs0DySTnF6XqgSWgYnrOpcUl-bmhQGVOUFUoWjMSizOA-pRqAVIQJHw:1vp2bq:cfN2mQpHbtRScsnFnOaJ5kzTL21jaXLU5Vx1rchvtOs	2026-02-22 11:05:46.906488+00
4c7ifsyhrsvdezkvcto1ov2bnqjloe4h	.eJyrVopPLC3JiC8tTi2Kz0xRslIyMlDSQRZMSkzOTs0DySTnF6XqgSWgYnrOpcUl-bmhQGVOUFUoWjMSizOA-pRqAVIQJHw:1vpVHz:R7-oy6AcO3JklbwmdSD4_ON0x-uO0VELI4iv3iDtC3w	2026-02-23 17:43:11.623068+00
v0a1rpscxzh1w1cy1qo8k5yqgpj8c86v	.eJyrVopPLC3JiC8tTi2Kz0xRslIytFTSQRZMSkzOTs0DySTnF6XqgSWgYnrOpcUl-bmhQGVOUFUoWjMSizOA-pRqAVSnJIQ:1vpVLj:aQwQwaJd-_C0wEZSnytUSgahA3umY_yf1W8n7jG-vEw	2026-02-23 17:47:03.925618+00
4onb5v5gan0jbstadppmuxdtvkff4eg5	.eJyrVopPLC3JiC8tTi2Kz0xRslIyUtJBFktKTM5OzQNJJOcXpeqBJaBies6lxSX5uaFAZU5QVShaMxKLM4D6lGoBO9ckTA:1voUas:P5O-SfWCAK4R-dQ5ujCBX32dMpbStLpNuSJ9jNdPCQY	2026-02-20 22:46:30.500521+00
r2jsdb76ifu6zdbijttieaygvn6t48x3	.eJyrVopPLC3JiC8tTi2Kz0xRslIyV9JBFktKTM5OzQNJJOcXpeqBJaBies6lxSX5uaFAZU5QVShaMxKLM4D6lGoBPXYkUQ:1vp54m:SHmYB_Xq2TC4C4FO6qNDhfBFhRv8agwCOeQUZzQX9_Y	2026-02-22 13:43:48.777288+00
2vg7ytsifdt4gsh0j20984anx5v4z1rg	.eJyrVopPLC3JiC8tTi2Kz0xRslIytFTSQRZMSkzOTs0DySTnF6XqgSWgYnrOpcUl-bmhQGVOUFUoWjMSizOA-pRqAVSnJIQ:1vumbo:Kon1e9JVMdwj1_MFFw5u88SbTK-cnPEOzUr31NmSSbM	2026-03-10 07:13:28.804997+00
jxz27oefjdw0zsg2q6k29apxl3wnzmf3	.eJyrVopPLC3JiC8tTi2Kz0xRslIyUtJBFktKTM5OzQNJJOcXpeqBJaBies6lxSX5uaFAZU5QVShaMxKLM4D6lGoBO9ckTA:1vunpK:6ir5MDr81bvnwWdk6JQP5agc-cQlLoEP7Tz14sFFgO0	2026-03-10 08:31:30.70052+00
\.


--
-- Data for Name: equipment; Type: TABLE DATA; Schema: public; Owner: -
--

COPY public.equipment (id, accounting_number, equipment_type, name, inventory_number, ownership, ownership_doc_number, manufacturer, year_of_manufacture, factory_number, state_registry_number, technical_documentation, intended_use, metrology_doc, technical_specs, software, operating_conditions, commissioning_info, condition_on_receipt, laboratory_id, status, metrology_interval, modifications, notes, files_path, created_at, updated_at, responsible_person_id, substitute_person_id) FROM stdin;
1	СИ-001	MEASURING	Штатный индикатор ИЧС-1	ИНВ-1001	OWN		ОАО «Нейтрон»	\N											1	OPERATIONAL	\N				2026-02-01 20:51:34.638352	2026-02-01 20:51:34.638352	\N	\N
4	ИО-002	TESTING	Термогравиметрический анализатор TGA 850	ИНВ-2002	RENTED	ДГ-АРЕНДА-2026-01	Mettler-Toledo	2021											3	OPERATIONAL	\N				2026-02-01 20:51:34.645505	2026-02-01 20:51:34.645505	\N	\N
5	ИО-003	TESTING	Копёр Charpy	ИНВ-2003	OWN		Tinius Olsen	2019											1	MAINTENANCE	\N				2026-02-01 20:51:34.646522	2026-02-01 20:51:34.646522	\N	\N
6	ВО-001	AUXILIARY	Весы аналитические AND GR-220EC	ИНВ-3001	OWN		AND	\N											7	OPERATIONAL	\N				2026-02-01 17:51:34.648981	2026-02-03 06:45:20.5033	\N	\N
2	СИ-002	MEASURING	Термокопла тип К	ИНВ-1002	OWN		ОАО «Нейтрон»	\N											1	OPERATIONAL	\N				2026-02-01 17:51:34.641343	2026-02-03 07:20:33.009188	\N	\N
8	34лото	MEASURING	Весы	241	OWN			\N											7	OPERATIONAL	\N				2026-02-03 09:46:56.385235	2026-02-03 09:46:56.385235	\N	\N
9	64	TESTING	Печь	23	OWN			\N											7	OPERATIONAL	\N				2026-02-03 09:48:08.240594	2026-02-03 09:48:08.240594	2	3
7	436	MEASURING	Хроматограф	6534	OWN			\N											7	OPERATIONAL	\N				2026-02-03 00:46:08.103822	2026-02-03 09:50:30.554914	\N	\N
3	ИО-001	TESTING	Испытательная машина Zwick Roell Z250	ИНВ-2001	OWN		Zwick Roell	2020											1	OPERATIONAL	\N				2026-02-01 17:51:34.643186	2026-02-03 13:33:42.714526	\N	\N
10	123	MEASURING	штангель	213	OWN			\N											9	OPERATIONAL	\N				2026-02-15 17:07:57.03875	2026-02-15 17:07:57.03875	\N	\N
11	1234	TESTING	Печка	422	OWN			\N											9	OPERATIONAL	\N				2026-02-15 11:08:28.671941	2026-02-15 17:09:15.570758	\N	\N
14	WORKSHOP-AUX-001	AUXILIARY	Плиткорез алмазный Husqvarna TS 300 E	ИНВ-М-001	OWN			\N											9	OPERATIONAL	\N				2026-02-15 20:36:56.326748	2026-02-15 20:36:56.326748	\N	\N
15	WORKSHOP-AUX-002	AUXILIARY	Фрезерный станок с ЧПУ Haas VF-2	ИНВ-М-002	OWN			\N											9	OPERATIONAL	\N				2026-02-15 20:36:56.326748	2026-02-15 20:36:56.326748	\N	\N
16	WORKSHOP-AUX-003	AUXILIARY	Шлифовальный станок плоский 3Г71М	ИНВ-М-003	OWN			\N											9	OPERATIONAL	\N				2026-02-15 20:36:56.326748	2026-02-15 20:36:56.326748	\N	\N
17	WORKSHOP-AUX-004	AUXILIARY	Ленточная пила Bomar Ergonomic 275.230 DG	ИНВ-М-004	OWN			\N											9	OPERATIONAL	\N				2026-02-15 20:36:56.326748	2026-02-15 20:36:56.326748	\N	\N
18	WORKSHOP-AUX-005	AUXILIARY	Токарный станок 16К20	ИНВ-М-005	OWN			\N											9	OPERATIONAL	\N				2026-02-15 20:36:56.326748	2026-02-15 20:36:56.326748	\N	\N
19	WORKSHOP-AUX-006	AUXILIARY	Сверлильный станок 2Н135	ИНВ-М-006	OWN			\N											9	OPERATIONAL	\N				2026-02-15 20:36:56.326748	2026-02-15 20:36:56.326748	\N	\N
20	WORKSHOP-AUX-007	AUXILIARY	Маятниковая пила отрезная Makita 2414NB	ИНВ-М-007	OWN			\N											9	OPERATIONAL	\N				2026-02-15 20:36:56.326748	2026-02-15 20:36:56.326748	\N	\N
21	WORKSHOP-AUX-008	AUXILIARY	Полировальный станок Struers LaboPol-30	ИНВ-М-008	OWN			\N											9	OPERATIONAL	\N				2026-02-15 20:36:56.326748	2026-02-15 20:36:56.326748	\N	\N
22	WORKSHOP-AUX-009	AUXILIARY	Электроэрозионный станок Sodick AG400L	ИНВ-М-009	OWN			\N											9	OPERATIONAL	\N				2026-02-15 20:36:56.326748	2026-02-15 20:36:56.326748	\N	\N
23	WORKSHOP-AUX-010	AUXILIARY	Гидравлический пресс ПГ-100	ИНВ-М-010	OWN			\N											9	OPERATIONAL	\N				2026-02-15 20:36:56.326748	2026-02-15 20:36:56.326748	\N	\N
24	MI-AUX-001	AUXILIARY	Вытяжной шкаф лабораторный ШВ-1	ИНВ-МИ-А01	OWN			\N											1	OPERATIONAL	\N				2026-02-15 20:36:56.326748	2026-02-15 20:36:56.326748	\N	\N
25	MI-AUX-002	AUXILIARY	Сушильный шкаф SNOL 67/350	ИНВ-МИ-А02	OWN			\N											1	OPERATIONAL	\N				2026-02-15 20:36:56.326748	2026-02-15 20:36:56.326748	\N	\N
26	MI-AUX-003	AUXILIARY	Ультразвуковая ванна Elmasonic S 80H	ИНВ-МИ-А03	OWN			\N											1	OPERATIONAL	\N				2026-02-15 20:36:56.326748	2026-02-15 20:36:56.326748	\N	\N
27	MI-AUX-004	AUXILIARY	Дистиллятор ДЭ-10	ИНВ-МИ-А04	OWN			\N											1	OPERATIONAL	\N				2026-02-15 20:36:56.326748	2026-02-15 20:36:56.326748	\N	\N
28	MI-AUX-005	AUXILIARY	Компрессор воздушный FIAC AB 300	ИНВ-МИ-А05	OWN			\N											1	OPERATIONAL	\N				2026-02-15 20:36:56.326748	2026-02-15 20:36:56.326748	\N	\N
29	TA-AUX-001	AUXILIARY	Вакуумный насос Edwards RV12	ИНВ-ТА-А01	OWN			\N											3	OPERATIONAL	\N				2026-02-15 20:36:56.326748	2026-02-15 20:36:56.326748	\N	\N
30	TA-AUX-002	AUXILIARY	Криостат Julabo FP50-ME	ИНВ-ТА-А02	OWN			\N											3	OPERATIONAL	\N				2026-02-15 20:36:56.326748	2026-02-15 20:36:56.326748	\N	\N
31	TA-AUX-003	AUXILIARY	Газовый баллон аргон ВЧ	ИНВ-ТА-А03	OWN			\N											3	OPERATIONAL	\N				2026-02-15 20:36:56.326748	2026-02-15 20:36:56.326748	\N	\N
32	TA-AUX-004	AUXILIARY	Муфельная печь SNOL 30/1300	ИНВ-ТА-А04	OWN			\N											3	OPERATIONAL	\N				2026-02-15 20:36:56.326748	2026-02-15 20:36:56.326748	\N	\N
33	TA-AUX-005	AUXILIARY	Осушитель воздуха Kaeser DC 2.0	ИНВ-ТА-А05	OWN			\N											3	OPERATIONAL	\N				2026-02-15 20:36:56.326748	2026-02-15 20:36:56.326748	\N	\N
34	CHA-AUX-001	AUXILIARY	Вытяжной шкаф ЛАБ-PRO ШВ 120.70.225	ИНВ-ХА-А01	OWN			\N											7	OPERATIONAL	\N				2026-02-15 20:36:56.326748	2026-02-15 20:36:56.326748	\N	\N
35	CHA-AUX-002	AUXILIARY	Центрифуга лабораторная ЦЛМН-Р10-01	ИНВ-ХА-А02	OWN			\N											7	OPERATIONAL	\N				2026-02-15 20:36:56.326748	2026-02-15 20:36:56.326748	\N	\N
36	CHA-AUX-003	AUXILIARY	Дистиллятор ДЭ-25	ИНВ-ХА-А03	OWN			\N											7	OPERATIONAL	\N				2026-02-15 20:36:56.326748	2026-02-15 20:36:56.326748	\N	\N
37	CHA-AUX-004	AUXILIARY	Магнитная мешалка IKA RCT basic	ИНВ-ХА-А04	OWN			\N											7	OPERATIONAL	\N				2026-02-15 20:36:56.326748	2026-02-15 20:36:56.326748	\N	\N
38	CHA-AUX-005	AUXILIARY	Сушильный шкаф Binder FD 115	ИНВ-ХА-А05	OWN			\N											7	OPERATIONAL	\N				2026-02-15 20:36:56.326748	2026-02-15 20:36:56.326748	\N	\N
\.


--
-- Data for Name: equipment_accreditation_areas; Type: TABLE DATA; Schema: public; Owner: -
--

COPY public.equipment_accreditation_areas (id, equipment_id, accreditation_area_id) FROM stdin;
1	1	2
2	2	3
3	3	2
4	4	3
5	5	2
6	2	2
8	7	3
9	8	2
10	8	3
11	9	2
12	9	3
13	3	3
19	10	2
20	11	2
21	11	3
\.


--
-- Data for Name: equipment_maintenance; Type: TABLE DATA; Schema: public; Owner: -
--

COPY public.equipment_maintenance (id, equipment_id, maintenance_date, maintenance_type, document_name, reason, description, created_at, performed_by_id) FROM stdin;
\.


--
-- Data for Name: holidays; Type: TABLE DATA; Schema: public; Owner: -
--

COPY public.holidays (id, date, name, is_working) FROM stdin;
1	2026-01-01	1 Января — Новый год	f
2	2026-01-02	2 Января — Новогодние каникулы	f
3	2026-01-03	3 Января — Новогодние каникулы	f
4	2026-01-04	4 Января — Новогодние каникулы	f
5	2026-01-05	5 Января — Новогодние каникулы	f
6	2026-01-06	6 Января — Новогодние каникулы	f
7	2026-01-07	7 Января — Рождество Христово	f
8	2026-01-08	8 Января — Новогодние каникулы	f
9	2026-01-10	10 Января — перенос с 1 Января	t
10	2026-02-23	23 Февраля — День защитника	f
11	2026-03-08	8 Марта — Международный день женщин	f
12	2026-05-01	1 Мая — Праздник Труда	f
13	2026-05-09	9 Мая — День Победы	f
14	2026-06-12	12 Июня — День России	f
15	2026-11-04	4 Ноября — День народного единства	f
\.


--
-- Data for Name: journal_columns; Type: TABLE DATA; Schema: public; Owner: -
--

COPY public.journal_columns (id, journal_id, code, name, is_active, display_order) FROM stdin;
1	1	sequence_number	№ п/п	t	1
2	1	client	Заказчик	t	2
3	1	contract	Договор / счёт №	t	3
4	1	contract_date	Дата договора / счёта	t	4
5	1	laboratory	Код лаборатории	t	5
6	1	accompanying_doc_number	№ сопроводительной документации	t	6
7	1	accompanying_doc_full_name	Полное название сопроводительной документации	t	7
8	1	accreditation_area	Область аккредитации	t	8
10	1	test_code	Код испытания	t	10
11	1	test_type	Тип испытания	t	11
12	1	working_days	Рабочих дней на выполнение работ	t	12
13	1	registration_date	Дата регистрации	t	13
14	1	sample_received_date	Дата получения образца	t	14
15	1	object_info	Информация об объекте испытаний	t	15
16	1	object_id	ID объекта испытаний	t	16
17	1	cutting_direction	Направление вырезки / армирования	t	17
18	1	test_conditions	Условия испытания	t	18
19	1	panel_id	Идентификационный номер панели	t	19
20	1	material	Материал	t	20
21	1	cipher	Идентификационный номер образца	t	21
22	1	preparation_required	Пробоподготовка	t	22
25	1	deadline	Срок выполнения	t	25
26	1	report_type	Отчётность	t	26
27	1	pi_number	№ ПИ	t	27
28	1	manufacturing	Изготовление	t	28
29	1	uzk_required	Необходимость УЗК	t	29
30	1	further_movement	Дальнейшее движение образцов	t	30
31	1	registered_by	Ответственный за регистрацию	t	31
32	1	replacement_protocol_required	Необходимость замещающего протокола	t	32
33	1	replacement_pi_number	№ замещающего ПИ	t	33
34	1	test_status	Статус испытания	t	34
35	1	measuring_instruments	СИ — Средства измерения	t	35
36	1	testing_equipment	ИО — Испытательное оборудование	t	36
37	1	test_date	Дата испытания	t	37
38	1	operators	Операторы	t	38
40	1	report_prepared_date	Дата подготовки отчётности	t	40
41	1	report_prepared_by	Подготовил отчётность	t	41
42	1	operator_notes	Комментарий (испытатель)	t	42
43	1	registration_checked_by	Проверку регистрации провёл	t	43
44	1	protocol_issued_date	Дата выпуска протокола	t	44
45	1	protocol_printed_date	Дата печати протокола	t	45
46	1	replacement_protocol_issued_date	Дата выпуска замещающего протокола	t	46
47	2	accounting_number	Учётный номер	t	1
48	2	equipment_type	Вид	t	2
49	2	ownership	Принадлежность	t	3
50	2	ownership_doc_number	№ УПД / № договора аренды	t	4
51	2	accreditation_areas	Область аккредитации	t	5
52	2	name	Наименование оборудования	t	6
53	2	manufacturer	Производитель	t	7
54	2	year_of_manufacture	Год выпуска	t	8
55	2	factory_number	Заводской номер	t	9
56	2	inventory_number	Инвентарный номер	t	10
57	2	condition_on_receipt	Состояние на момент получения	t	11
58	2	commissioning_info	Дата ввода в эксплуатацию + номер акта ввода	t	12
59	2	technical_documentation	ТД (техническая документация)	t	13
60	2	intended_use	Назначение	t	14
61	2	metrology_doc	Нормативный документ по МО / МП	t	15
62	2	state_registry_number	Номер СИ в госреестре	t	16
63	2	technical_specs	Технические характеристики	t	17
64	2	software	Программное обеспечение	t	18
65	2	operating_conditions	Условия эксплуатации оборудования	t	19
66	2	laboratory	Лаборатория	t	20
67	2	responsible_person	Ответственный	t	21
68	2	substitute_person	Замещающий	t	22
69	2	metrology_interval	Периодичность МО, мес.	t	23
70	2	modifications	Модификации	t	24
71	2	notes	Примечание	t	25
72	2	status	Текущее состояние	t	26
73	2	files_path	Путь к папке с документацией	t	27
74	3	laboratory	Лаборатория	t	1
75	3	measured_at	Дата и время замера	t	2
76	3	temperature	Температура °C	t	3
77	3	humidity	Влажность %	t	4
78	3	measured_by	Кто измерил	t	5
79	3	notes	Примечание	t	6
80	4	sample	Образец	t	1
81	4	measured_at	Дата и время замера	t	2
82	4	weight	Масса, г	t	3
83	4	test_type	Тип испытания	t	4
23	1	determined_parameters	Определяемые параметры	t	23
24	1	admin_notes	Комментарии	t	24
9	1	standards	Стандарт	t	9
84	4	measured_by	Кто измерил	t	5
85	4	equipment	Оборудование	t	6
86	4	notes	Примечание	t	7
87	5	sample	Образец	t	1
88	5	operator	Оператор	t	2
89	5	operation_date	Дата операции	t	3
90	5	operation_type	Тип операции	t	4
91	5	equipment	Оборудование	t	5
92	5	cutting_params	Параметры обработки	t	6
93	5	quantity	Количество	t	7
94	5	quality_check	Контроль качества	t	8
95	5	notes	Примечание	t	9
96	6	employee	Сотрудник	t	1
97	6	date	Дата	t	2
98	6	start_time	Начало работы	t	3
99	6	end_time	Конец работы	t	4
100	6	work_type	Тип работы	t	5
101	6	sample	Образец	t	6
102	6	notes	Примечание	t	7
107	1	status	Текущее состояние	t	72
110	1	files_path	Файлы	t	100
114	1	verified_by	Проверил (администратор)	t	101
115	1	verified_at	Дата проверки	t	102
124	1	conditioning_start_datetime	Начало кондиционирования	t	103
125	1	conditioning_end_datetime	Окончание кондиционирования	t	104
126	1	testing_start_datetime	Начало испытания	t	105
127	1	testing_end_datetime	Окончание испытания	t	106
128	1	manufacturing_completion_date	Дата завершения изготовления	t	107
130	1	manufacturing_measuring_instruments	СИ для изготовления	t	109
131	1	manufacturing_testing_equipment	ИО для изготовления	t	110
132	1	manufacturing_operators	Операторы изготовления	t	111
133	1	workshop_status	Статус в мастерской	t	112
134	1	sample_count	Количество образцов	t	113
136	1	preparation	Пробоподготовка	t	114
137	1	notes	Примечания	t	115
139	1	manufacturing_deadline	Срок изготовления	t	127
140	1	additional_sample_count	Доп. образцы	t	114
141	1	workshop_notes	Примечания мастерской	f	116
144	1	manufacturing_auxiliary_equipment	ВО для изготовления	t	710
145	1	auxiliary_equipment	Вспомогательное оборудование	t	810
148	1	labels_access	Доступ к этикеткам	t	999
150	9	access	Доступ к разделу	t	1
153	12	access	Доступ к разделу	t	1
\.


--
-- Data for Name: journals; Type: TABLE DATA; Schema: public; Owner: -
--

COPY public.journals (id, code, name, is_active) FROM stdin;
1	SAMPLES	Основной журнал образцов	t
2	EQUIPMENT	База оборудования	t
3	CLIMATE_LOG	Журнал климата	t
4	WEIGHT_LOG	Журнал взвешивания	t
5	WORKSHOP_LOG	Журнал мастерской	t
6	TIME_LOG	Журнал учёта времени	t
9	AUDIT_LOG	Журнал аудита	t
12	CLIENTS	Справочник заказчиков	t
\.


--
-- Data for Name: laboratories; Type: TABLE DATA; Schema: public; Owner: -
--

COPY public.laboratories (id, name, code, is_active, head_id, code_display, department_type) FROM stdin;
1	Механические испытания	MI	t	2	МИ	LAB
7	Химический анализ	ChA	t	3	ХА	LAB
8	Ускоренные климатические испытания	ACT	t	31	УКИ	LAB
3	Термический анализ	TA	t	11	ТА	LAB
9	Мастерская	WORKSHOP	t	\N	МАС	WORKSHOP
\.


--
-- Data for Name: permissions_log; Type: TABLE DATA; Schema: public; Owner: -
--

COPY public.permissions_log (id, changed_at, changed_by_id, target_user_id, role, journal_id, column_id, old_access_level, new_access_level, reason, permission_type) FROM stdin;
1	2026-02-03 07:55:55.84594	1	\N	TESTER	1	27	NONE	VIEW	Изменение через интерфейс	GROUP
2	2026-02-04 17:40:41.740887	10	\N	ADMIN	1	37	EDIT	VIEW	Изменение через интерфейс	GROUP
3	2026-02-04 17:40:41.743938	10	\N	ADMIN	1	38	EDIT	VIEW	Изменение через интерфейс	GROUP
102	2026-02-23 12:15:02.597126	10	\N	CLIENT_MANAGER	12	153	VIEW	EDIT	Изменение через интерфейс	GROUP
5	2026-02-04 17:40:41.747013	10	\N	ADMIN	1	40	EDIT	VIEW	Изменение через интерфейс	GROUP
6	2026-02-04 17:40:41.748032	10	\N	ADMIN	1	41	EDIT	VIEW	Изменение через интерфейс	GROUP
7	2026-02-04 17:40:41.74893	10	\N	ADMIN	1	42	EDIT	VIEW	Изменение через интерфейс	GROUP
8	2026-02-04 17:40:41.751934	10	\N	ADMIN	1	107	EDIT	VIEW	Изменение через интерфейс	GROUP
9	2026-02-04 17:41:11.925824	10	\N	ADMIN	1	35	EDIT	VIEW	Изменение через интерфейс	GROUP
10	2026-02-04 17:41:11.929021	10	\N	ADMIN	1	36	EDIT	VIEW	Изменение через интерфейс	GROUP
11	2026-02-04 19:32:43.151428	10	\N	TESTER	1	43	VIEW	NONE	Изменение через интерфейс	GROUP
12	2026-02-05 17:31:16.967148	10	\N	CLIENT_MANAGER	1	110	VIEW	EDIT	Изменение через интерфейс	GROUP
13	2026-02-05 21:21:35.724841	10	\N	TESTER	1	107	VIEW	EDIT	Изменение через интерфейс	GROUP
14	2026-02-05 22:13:15.978781	10	\N	TESTER	1	107	EDIT	VIEW	Изменение через интерфейс	GROUP
15	2026-02-05 22:13:19.64274	10	\N	TESTER	1	107	VIEW	EDIT	Изменение через интерфейс	GROUP
16	2026-02-06 23:15:30.59526	10	\N	TESTER	1	124	VIEW	EDIT	Изменение через интерфейс	GROUP
17	2026-02-06 23:15:30.597876	10	\N	TESTER	1	125	VIEW	EDIT	Изменение через интерфейс	GROUP
18	2026-02-06 23:15:30.599173	10	\N	TESTER	1	126	VIEW	EDIT	Изменение через интерфейс	GROUP
19	2026-02-06 23:15:30.6002	10	\N	TESTER	1	127	VIEW	EDIT	Изменение через интерфейс	GROUP
20	2026-02-06 23:24:17.250472	10	\N	TESTER	1	34	EDIT	VIEW	Изменение через интерфейс	GROUP
21	2026-02-06 23:24:54.340183	10	\N	TESTER	1	107	EDIT	VIEW	Изменение через интерфейс	GROUP
22	2026-02-06 23:25:11.037018	10	\N	TESTER	1	34	VIEW	EDIT	Изменение через интерфейс	GROUP
23	2026-02-06 23:28:52.559295	10	\N	TESTER	1	107	VIEW	EDIT	Изменение через интерфейс	GROUP
24	2026-02-07 22:58:06.532014	10	\N	WORKSHOP	1	34	VIEW	EDIT	Изменение через интерфейс	GROUP
25	2026-02-08 15:47:57.435268	10	\N	WORKSHOP	1	2	VIEW	NONE	Изменение через интерфейс	GROUP
26	2026-02-08 15:47:57.803412	10	\N	WORKSHOP	1	3	VIEW	NONE	Изменение через интерфейс	GROUP
27	2026-02-08 15:47:57.80508	10	\N	WORKSHOP	1	4	VIEW	NONE	Изменение через интерфейс	GROUP
28	2026-02-08 15:47:57.80676	10	\N	WORKSHOP	1	6	VIEW	NONE	Изменение через интерфейс	GROUP
29	2026-02-08 15:47:57.833883	10	\N	WORKSHOP	1	7	VIEW	NONE	Изменение через интерфейс	GROUP
30	2026-02-08 20:02:14.175783	10	\N	WORKSHOP	1	28	EDIT	VIEW	Изменение через интерфейс	GROUP
31	2026-02-11 19:16:49.934325	10	\N	LAB_HEAD	1	6	NONE	EDIT	Изменение через интерфейс	GROUP
32	2026-02-16 20:30:04.755845	10	\N	CLIENT_MANAGER	1	34	VIEW	EDIT	Изменение через интерфейс	GROUP
33	2026-02-16 20:30:04.781618	10	\N	CLIENT_MANAGER	1	133	NONE	VIEW	Изменение через интерфейс	GROUP
103	2026-02-23 17:05:33.52218	10	\N	CTO	1	1	VIEW	EDIT	Изменение через интерфейс	GROUP
104	2026-02-23 17:05:33.524182	10	\N	CTO	1	2	VIEW	EDIT	Изменение через интерфейс	GROUP
105	2026-02-23 17:05:33.524182	10	\N	CTO	1	3	VIEW	EDIT	Изменение через интерфейс	GROUP
\.


--
-- Data for Name: role_laboratory_access; Type: TABLE DATA; Schema: public; Owner: -
--

COPY public.role_laboratory_access (id, role, journal_id, laboratory_id) FROM stdin;
1	CEO	1	\N
3	SYSADMIN	1	\N
4	CLIENT_MANAGER	1	\N
5	CLIENT_DEPT_HEAD	1	\N
6	QMS_HEAD	1	\N
7	QMS_ADMIN	1	\N
8	METROLOGIST	1	\N
12	CTO	1	\N
\.


--
-- Data for Name: role_permissions; Type: TABLE DATA; Schema: public; Owner: -
--

COPY public.role_permissions (id, role, journal_id, column_id, access_level) FROM stdin;
1	SYSADMIN	1	1	EDIT
2	ADMIN	1	1	EDIT
3	LAB_HEAD	1	1	EDIT
4	QMS_HEAD	1	1	VIEW
5	QMS	1	1	VIEW
6	WORKSHOP	1	1	VIEW
7	OTHER	1	1	NONE
8	TESTER	1	1	VIEW
9	SYSADMIN	1	2	EDIT
10	ADMIN	1	2	EDIT
11	LAB_HEAD	1	2	EDIT
12	QMS_HEAD	1	2	VIEW
13	QMS	1	2	VIEW
15	OTHER	1	2	NONE
16	TESTER	1	2	NONE
17	SYSADMIN	1	3	EDIT
18	ADMIN	1	3	EDIT
19	LAB_HEAD	1	3	EDIT
20	QMS_HEAD	1	3	VIEW
21	QMS	1	3	VIEW
23	OTHER	1	3	NONE
24	TESTER	1	3	NONE
25	SYSADMIN	1	4	EDIT
26	ADMIN	1	4	EDIT
27	LAB_HEAD	1	4	EDIT
28	QMS_HEAD	1	4	VIEW
29	QMS	1	4	VIEW
31	OTHER	1	4	NONE
32	TESTER	1	4	NONE
33	SYSADMIN	1	5	EDIT
34	ADMIN	1	5	EDIT
35	LAB_HEAD	1	5	EDIT
36	QMS_HEAD	1	5	VIEW
37	QMS	1	5	VIEW
38	WORKSHOP	1	5	VIEW
39	OTHER	1	5	NONE
40	TESTER	1	5	VIEW
41	SYSADMIN	1	6	EDIT
42	ADMIN	1	6	EDIT
44	QMS_HEAD	1	6	VIEW
45	QMS	1	6	VIEW
47	OTHER	1	6	NONE
48	TESTER	1	6	NONE
49	SYSADMIN	1	7	EDIT
50	ADMIN	1	7	EDIT
51	LAB_HEAD	1	7	EDIT
52	QMS_HEAD	1	7	VIEW
53	QMS	1	7	VIEW
55	OTHER	1	7	NONE
56	TESTER	1	7	NONE
57	SYSADMIN	1	8	EDIT
58	ADMIN	1	8	EDIT
59	LAB_HEAD	1	8	EDIT
60	QMS_HEAD	1	8	VIEW
61	QMS	1	8	VIEW
62	WORKSHOP	1	8	VIEW
63	OTHER	1	8	NONE
64	TESTER	1	8	VIEW
65	SYSADMIN	1	9	EDIT
66	ADMIN	1	9	EDIT
67	LAB_HEAD	1	9	EDIT
68	QMS_HEAD	1	9	VIEW
69	QMS	1	9	VIEW
70	WORKSHOP	1	9	VIEW
71	OTHER	1	9	NONE
72	TESTER	1	9	VIEW
73	SYSADMIN	1	10	EDIT
74	ADMIN	1	10	EDIT
75	LAB_HEAD	1	10	EDIT
76	QMS_HEAD	1	10	VIEW
77	QMS	1	10	VIEW
78	WORKSHOP	1	10	VIEW
79	OTHER	1	10	NONE
80	TESTER	1	10	VIEW
81	SYSADMIN	1	11	EDIT
82	ADMIN	1	11	EDIT
83	LAB_HEAD	1	11	EDIT
84	QMS_HEAD	1	11	VIEW
85	QMS	1	11	VIEW
86	WORKSHOP	1	11	VIEW
87	OTHER	1	11	NONE
88	TESTER	1	11	VIEW
89	SYSADMIN	1	12	EDIT
90	ADMIN	1	12	EDIT
91	LAB_HEAD	1	12	EDIT
92	QMS_HEAD	1	12	VIEW
93	QMS	1	12	VIEW
94	WORKSHOP	1	12	VIEW
95	OTHER	1	12	NONE
96	TESTER	1	12	VIEW
97	SYSADMIN	1	13	EDIT
98	ADMIN	1	13	EDIT
99	LAB_HEAD	1	13	EDIT
100	QMS_HEAD	1	13	VIEW
101	QMS	1	13	VIEW
102	WORKSHOP	1	13	VIEW
103	OTHER	1	13	NONE
104	TESTER	1	13	VIEW
105	SYSADMIN	1	14	EDIT
106	ADMIN	1	14	EDIT
107	LAB_HEAD	1	14	EDIT
108	QMS_HEAD	1	14	VIEW
109	QMS	1	14	VIEW
110	WORKSHOP	1	14	VIEW
111	OTHER	1	14	NONE
112	TESTER	1	14	VIEW
113	SYSADMIN	1	15	EDIT
114	ADMIN	1	15	EDIT
115	LAB_HEAD	1	15	EDIT
116	QMS_HEAD	1	15	VIEW
117	QMS	1	15	VIEW
118	WORKSHOP	1	15	VIEW
119	OTHER	1	15	NONE
120	TESTER	1	15	NONE
121	SYSADMIN	1	16	EDIT
122	ADMIN	1	16	EDIT
123	LAB_HEAD	1	16	EDIT
124	QMS_HEAD	1	16	VIEW
125	QMS	1	16	VIEW
126	WORKSHOP	1	16	VIEW
127	OTHER	1	16	NONE
128	TESTER	1	16	NONE
129	SYSADMIN	1	17	EDIT
130	ADMIN	1	17	EDIT
131	LAB_HEAD	1	17	EDIT
132	QMS_HEAD	1	17	VIEW
133	QMS	1	17	VIEW
134	WORKSHOP	1	17	VIEW
135	OTHER	1	17	NONE
136	TESTER	1	17	VIEW
137	SYSADMIN	1	18	EDIT
138	ADMIN	1	18	EDIT
14	WORKSHOP	1	2	NONE
22	WORKSHOP	1	3	NONE
30	WORKSHOP	1	4	NONE
46	WORKSHOP	1	6	NONE
54	WORKSHOP	1	7	NONE
139	LAB_HEAD	1	18	EDIT
140	QMS_HEAD	1	18	VIEW
141	QMS	1	18	VIEW
142	WORKSHOP	1	18	VIEW
143	OTHER	1	18	NONE
144	TESTER	1	18	VIEW
1317	WORKSHOP_HEAD	1	144	EDIT
148	QMS_HEAD	1	19	VIEW
149	QMS	1	19	VIEW
150	WORKSHOP	1	19	VIEW
151	OTHER	1	19	NONE
152	TESTER	1	19	VIEW
153	SYSADMIN	1	20	EDIT
154	ADMIN	1	20	EDIT
155	LAB_HEAD	1	20	EDIT
156	QMS_HEAD	1	20	VIEW
157	QMS	1	20	VIEW
158	WORKSHOP	1	20	VIEW
159	OTHER	1	20	NONE
160	TESTER	1	20	VIEW
161	SYSADMIN	1	21	EDIT
162	ADMIN	1	21	EDIT
163	LAB_HEAD	1	21	EDIT
164	QMS_HEAD	1	21	VIEW
165	QMS	1	21	VIEW
166	WORKSHOP	1	21	VIEW
167	OTHER	1	21	NONE
168	TESTER	1	21	VIEW
169	SYSADMIN	1	22	EDIT
170	ADMIN	1	22	EDIT
171	LAB_HEAD	1	22	EDIT
172	QMS_HEAD	1	22	VIEW
173	QMS	1	22	VIEW
174	WORKSHOP	1	22	VIEW
175	OTHER	1	22	NONE
176	TESTER	1	22	VIEW
177	SYSADMIN	1	23	EDIT
178	ADMIN	1	23	EDIT
179	LAB_HEAD	1	23	EDIT
180	QMS_HEAD	1	23	VIEW
181	QMS	1	23	VIEW
182	WORKSHOP	1	23	VIEW
183	OTHER	1	23	NONE
184	TESTER	1	23	VIEW
185	SYSADMIN	1	24	EDIT
186	ADMIN	1	24	EDIT
187	LAB_HEAD	1	24	EDIT
188	QMS_HEAD	1	24	VIEW
189	QMS	1	24	VIEW
190	WORKSHOP	1	24	VIEW
191	OTHER	1	24	NONE
192	TESTER	1	24	VIEW
193	SYSADMIN	1	25	EDIT
194	ADMIN	1	25	EDIT
195	LAB_HEAD	1	25	EDIT
196	QMS_HEAD	1	25	VIEW
197	QMS	1	25	VIEW
198	WORKSHOP	1	25	VIEW
199	OTHER	1	25	NONE
200	TESTER	1	25	VIEW
201	SYSADMIN	1	26	EDIT
202	ADMIN	1	26	EDIT
203	LAB_HEAD	1	26	EDIT
204	QMS_HEAD	1	26	VIEW
205	QMS	1	26	VIEW
206	WORKSHOP	1	26	VIEW
207	OTHER	1	26	NONE
208	TESTER	1	26	VIEW
209	SYSADMIN	1	27	EDIT
210	ADMIN	1	27	EDIT
211	LAB_HEAD	1	27	EDIT
212	QMS_HEAD	1	27	VIEW
213	QMS	1	27	VIEW
214	WORKSHOP	1	27	VIEW
215	OTHER	1	27	NONE
1318	WORKSHOP	1	144	EDIT
217	SYSADMIN	1	28	EDIT
218	ADMIN	1	28	EDIT
219	LAB_HEAD	1	28	EDIT
220	QMS_HEAD	1	28	VIEW
221	QMS	1	28	VIEW
223	OTHER	1	28	NONE
224	TESTER	1	28	VIEW
225	SYSADMIN	1	29	EDIT
226	ADMIN	1	29	EDIT
227	LAB_HEAD	1	29	EDIT
228	QMS_HEAD	1	29	VIEW
229	QMS	1	29	VIEW
230	WORKSHOP	1	29	VIEW
231	OTHER	1	29	NONE
232	TESTER	1	29	VIEW
233	SYSADMIN	1	30	EDIT
234	ADMIN	1	30	EDIT
235	LAB_HEAD	1	30	EDIT
236	QMS_HEAD	1	30	VIEW
237	QMS	1	30	VIEW
239	OTHER	1	30	NONE
240	TESTER	1	30	VIEW
241	SYSADMIN	1	31	EDIT
242	ADMIN	1	31	EDIT
243	LAB_HEAD	1	31	EDIT
244	QMS_HEAD	1	31	VIEW
245	QMS	1	31	VIEW
246	WORKSHOP	1	31	VIEW
247	OTHER	1	31	NONE
248	TESTER	1	31	NONE
249	SYSADMIN	1	32	EDIT
250	ADMIN	1	32	EDIT
251	LAB_HEAD	1	32	EDIT
252	QMS_HEAD	1	32	VIEW
253	QMS	1	32	VIEW
254	WORKSHOP	1	32	VIEW
255	OTHER	1	32	NONE
256	TESTER	1	32	NONE
1319	LAB_HEAD	1	144	VIEW
260	QMS_HEAD	1	33	VIEW
261	QMS	1	33	VIEW
262	WORKSHOP	1	33	VIEW
263	OTHER	1	33	NONE
264	TESTER	1	33	NONE
265	SYSADMIN	1	34	EDIT
266	ADMIN	1	34	EDIT
267	LAB_HEAD	1	34	EDIT
268	QMS_HEAD	1	34	VIEW
269	QMS	1	34	VIEW
271	OTHER	1	34	NONE
273	SYSADMIN	1	35	EDIT
275	LAB_HEAD	1	35	EDIT
276	QMS_HEAD	1	35	VIEW
274	ADMIN	1	35	VIEW
257	SYSADMIN	1	33	VIEW
270	WORKSHOP	1	34	EDIT
272	TESTER	1	34	EDIT
145	SYSADMIN	1	19	VIEW
238	WORKSHOP	1	30	VIEW
222	WORKSHOP	1	28	VIEW
146	ADMIN	1	19	VIEW
277	QMS	1	35	VIEW
278	WORKSHOP	1	35	VIEW
279	OTHER	1	35	NONE
280	TESTER	1	35	EDIT
281	SYSADMIN	1	36	EDIT
283	LAB_HEAD	1	36	EDIT
284	QMS_HEAD	1	36	VIEW
285	QMS	1	36	VIEW
286	WORKSHOP	1	36	VIEW
287	OTHER	1	36	NONE
288	TESTER	1	36	EDIT
289	SYSADMIN	1	37	EDIT
1320	CLIENT_MANAGER	1	144	VIEW
291	LAB_HEAD	1	37	EDIT
292	QMS_HEAD	1	37	VIEW
293	QMS	1	37	VIEW
294	WORKSHOP	1	37	VIEW
295	OTHER	1	37	NONE
296	TESTER	1	37	EDIT
297	SYSADMIN	1	38	EDIT
299	LAB_HEAD	1	38	EDIT
301	QMS	1	38	VIEW
302	WORKSHOP	1	38	VIEW
303	OTHER	1	38	NONE
304	TESTER	1	38	EDIT
1321	CLIENT_DEPT_HEAD	1	144	VIEW
1322	SYSADMIN	1	144	EDIT
1325	CTO	1	144	VIEW
1326	CEO	1	144	VIEW
1327	TESTER	1	145	EDIT
313	SYSADMIN	1	40	EDIT
315	LAB_HEAD	1	40	EDIT
316	QMS_HEAD	1	40	VIEW
317	QMS	1	40	VIEW
318	WORKSHOP	1	40	VIEW
319	OTHER	1	40	NONE
320	TESTER	1	40	EDIT
321	SYSADMIN	1	41	EDIT
323	LAB_HEAD	1	41	EDIT
324	QMS_HEAD	1	41	VIEW
325	QMS	1	41	VIEW
326	WORKSHOP	1	41	VIEW
327	OTHER	1	41	NONE
328	TESTER	1	41	EDIT
329	SYSADMIN	1	42	EDIT
331	LAB_HEAD	1	42	EDIT
332	QMS_HEAD	1	42	VIEW
333	QMS	1	42	VIEW
334	WORKSHOP	1	42	VIEW
335	OTHER	1	42	NONE
336	TESTER	1	42	EDIT
337	SYSADMIN	1	43	EDIT
338	ADMIN	1	43	EDIT
339	LAB_HEAD	1	43	EDIT
340	QMS_HEAD	1	43	EDIT
341	QMS	1	43	EDIT
342	WORKSHOP	1	43	VIEW
343	OTHER	1	43	NONE
345	SYSADMIN	1	44	EDIT
346	ADMIN	1	44	EDIT
347	LAB_HEAD	1	44	EDIT
348	QMS_HEAD	1	44	EDIT
349	QMS	1	44	EDIT
350	WORKSHOP	1	44	VIEW
351	OTHER	1	44	NONE
352	TESTER	1	44	VIEW
353	SYSADMIN	1	45	EDIT
354	ADMIN	1	45	EDIT
355	LAB_HEAD	1	45	EDIT
356	QMS_HEAD	1	45	EDIT
357	QMS	1	45	EDIT
358	WORKSHOP	1	45	VIEW
359	OTHER	1	45	NONE
360	TESTER	1	45	VIEW
361	SYSADMIN	1	46	EDIT
362	ADMIN	1	46	EDIT
363	LAB_HEAD	1	46	EDIT
364	QMS_HEAD	1	46	EDIT
365	QMS	1	46	EDIT
366	WORKSHOP	1	46	VIEW
367	OTHER	1	46	NONE
368	TESTER	1	46	VIEW
369	SYSADMIN	2	47	EDIT
370	ADMIN	2	47	VIEW
371	LAB_HEAD	2	47	EDIT
372	TESTER	2	47	VIEW
373	QMS_HEAD	2	47	VIEW
374	QMS	2	47	VIEW
375	WORKSHOP	2	47	VIEW
376	OTHER	2	47	NONE
377	SYSADMIN	2	48	EDIT
378	ADMIN	2	48	VIEW
379	LAB_HEAD	2	48	EDIT
380	TESTER	2	48	VIEW
381	QMS_HEAD	2	48	VIEW
382	QMS	2	48	VIEW
383	WORKSHOP	2	48	VIEW
384	OTHER	2	48	NONE
385	SYSADMIN	2	49	EDIT
386	ADMIN	2	49	VIEW
387	LAB_HEAD	2	49	EDIT
388	TESTER	2	49	VIEW
389	QMS_HEAD	2	49	VIEW
390	QMS	2	49	VIEW
391	WORKSHOP	2	49	VIEW
392	OTHER	2	49	NONE
393	SYSADMIN	2	50	EDIT
394	ADMIN	2	50	VIEW
395	LAB_HEAD	2	50	EDIT
396	TESTER	2	50	VIEW
397	QMS_HEAD	2	50	VIEW
398	QMS	2	50	VIEW
399	WORKSHOP	2	50	VIEW
400	OTHER	2	50	NONE
401	SYSADMIN	2	51	EDIT
402	ADMIN	2	51	VIEW
403	LAB_HEAD	2	51	EDIT
404	TESTER	2	51	VIEW
405	QMS_HEAD	2	51	VIEW
406	QMS	2	51	VIEW
407	WORKSHOP	2	51	VIEW
408	OTHER	2	51	NONE
409	SYSADMIN	2	52	EDIT
410	ADMIN	2	52	VIEW
411	LAB_HEAD	2	52	EDIT
412	TESTER	2	52	VIEW
413	QMS_HEAD	2	52	VIEW
414	QMS	2	52	VIEW
298	ADMIN	1	38	VIEW
314	ADMIN	1	40	VIEW
322	ADMIN	1	41	VIEW
330	ADMIN	1	42	VIEW
282	ADMIN	1	36	VIEW
344	TESTER	1	43	NONE
415	WORKSHOP	2	52	VIEW
416	OTHER	2	52	NONE
417	SYSADMIN	2	53	EDIT
418	ADMIN	2	53	VIEW
419	LAB_HEAD	2	53	EDIT
420	TESTER	2	53	VIEW
421	QMS_HEAD	2	53	VIEW
422	QMS	2	53	VIEW
423	WORKSHOP	2	53	VIEW
424	OTHER	2	53	NONE
425	SYSADMIN	2	54	EDIT
426	ADMIN	2	54	VIEW
427	LAB_HEAD	2	54	EDIT
428	TESTER	2	54	VIEW
429	QMS_HEAD	2	54	VIEW
430	QMS	2	54	VIEW
431	WORKSHOP	2	54	VIEW
432	OTHER	2	54	NONE
433	SYSADMIN	2	55	EDIT
434	ADMIN	2	55	VIEW
435	LAB_HEAD	2	55	EDIT
436	TESTER	2	55	VIEW
437	QMS_HEAD	2	55	VIEW
438	QMS	2	55	VIEW
439	WORKSHOP	2	55	VIEW
440	OTHER	2	55	NONE
441	SYSADMIN	2	56	EDIT
442	ADMIN	2	56	VIEW
443	LAB_HEAD	2	56	EDIT
444	TESTER	2	56	VIEW
445	QMS_HEAD	2	56	VIEW
446	QMS	2	56	VIEW
447	WORKSHOP	2	56	VIEW
448	OTHER	2	56	NONE
449	SYSADMIN	2	57	EDIT
450	ADMIN	2	57	VIEW
451	LAB_HEAD	2	57	EDIT
452	TESTER	2	57	VIEW
453	QMS_HEAD	2	57	VIEW
454	QMS	2	57	VIEW
455	WORKSHOP	2	57	VIEW
456	OTHER	2	57	NONE
457	SYSADMIN	2	58	EDIT
458	ADMIN	2	58	VIEW
459	LAB_HEAD	2	58	EDIT
460	TESTER	2	58	VIEW
461	QMS_HEAD	2	58	VIEW
462	QMS	2	58	VIEW
463	WORKSHOP	2	58	VIEW
464	OTHER	2	58	NONE
465	SYSADMIN	2	59	EDIT
466	ADMIN	2	59	VIEW
467	LAB_HEAD	2	59	EDIT
468	TESTER	2	59	VIEW
469	QMS_HEAD	2	59	VIEW
470	QMS	2	59	VIEW
471	WORKSHOP	2	59	VIEW
472	OTHER	2	59	NONE
473	SYSADMIN	2	60	EDIT
474	ADMIN	2	60	VIEW
475	LAB_HEAD	2	60	EDIT
476	TESTER	2	60	VIEW
477	QMS_HEAD	2	60	VIEW
478	QMS	2	60	VIEW
479	WORKSHOP	2	60	VIEW
480	OTHER	2	60	NONE
481	SYSADMIN	2	61	EDIT
482	ADMIN	2	61	VIEW
483	LAB_HEAD	2	61	EDIT
484	TESTER	2	61	VIEW
485	QMS_HEAD	2	61	VIEW
486	QMS	2	61	VIEW
487	WORKSHOP	2	61	VIEW
488	OTHER	2	61	NONE
489	SYSADMIN	2	62	EDIT
490	ADMIN	2	62	VIEW
491	LAB_HEAD	2	62	EDIT
492	TESTER	2	62	VIEW
493	QMS_HEAD	2	62	VIEW
494	QMS	2	62	VIEW
495	WORKSHOP	2	62	VIEW
496	OTHER	2	62	NONE
497	SYSADMIN	2	63	EDIT
498	ADMIN	2	63	VIEW
499	LAB_HEAD	2	63	EDIT
500	TESTER	2	63	VIEW
501	QMS_HEAD	2	63	VIEW
502	QMS	2	63	VIEW
503	WORKSHOP	2	63	VIEW
504	OTHER	2	63	NONE
505	SYSADMIN	2	64	EDIT
506	ADMIN	2	64	VIEW
507	LAB_HEAD	2	64	EDIT
508	TESTER	2	64	VIEW
509	QMS_HEAD	2	64	VIEW
510	QMS	2	64	VIEW
511	WORKSHOP	2	64	VIEW
512	OTHER	2	64	NONE
513	SYSADMIN	2	65	EDIT
514	ADMIN	2	65	VIEW
515	LAB_HEAD	2	65	EDIT
516	TESTER	2	65	VIEW
517	QMS_HEAD	2	65	VIEW
518	QMS	2	65	VIEW
519	WORKSHOP	2	65	VIEW
520	OTHER	2	65	NONE
521	SYSADMIN	2	66	EDIT
522	ADMIN	2	66	VIEW
523	LAB_HEAD	2	66	EDIT
524	TESTER	2	66	VIEW
525	QMS_HEAD	2	66	VIEW
526	QMS	2	66	VIEW
527	WORKSHOP	2	66	VIEW
528	OTHER	2	66	NONE
529	SYSADMIN	2	67	EDIT
530	ADMIN	2	67	VIEW
531	LAB_HEAD	2	67	EDIT
532	TESTER	2	67	VIEW
533	QMS_HEAD	2	67	VIEW
534	QMS	2	67	VIEW
535	WORKSHOP	2	67	VIEW
536	OTHER	2	67	NONE
537	SYSADMIN	2	68	EDIT
538	ADMIN	2	68	VIEW
539	LAB_HEAD	2	68	EDIT
540	TESTER	2	68	VIEW
541	QMS_HEAD	2	68	VIEW
542	QMS	2	68	VIEW
543	WORKSHOP	2	68	VIEW
544	OTHER	2	68	NONE
545	SYSADMIN	2	69	EDIT
546	ADMIN	2	69	VIEW
547	LAB_HEAD	2	69	EDIT
548	TESTER	2	69	VIEW
549	QMS_HEAD	2	69	VIEW
550	QMS	2	69	VIEW
551	WORKSHOP	2	69	VIEW
552	OTHER	2	69	NONE
553	SYSADMIN	2	70	EDIT
554	ADMIN	2	70	VIEW
555	LAB_HEAD	2	70	EDIT
556	TESTER	2	70	VIEW
557	QMS_HEAD	2	70	VIEW
558	QMS	2	70	VIEW
559	WORKSHOP	2	70	VIEW
560	OTHER	2	70	NONE
561	SYSADMIN	2	71	EDIT
562	ADMIN	2	71	VIEW
563	LAB_HEAD	2	71	EDIT
564	TESTER	2	71	VIEW
565	QMS_HEAD	2	71	VIEW
566	QMS	2	71	VIEW
567	WORKSHOP	2	71	VIEW
568	OTHER	2	71	NONE
569	SYSADMIN	2	72	EDIT
570	ADMIN	2	72	VIEW
571	LAB_HEAD	2	72	EDIT
573	QMS_HEAD	2	72	VIEW
574	QMS	2	72	VIEW
575	WORKSHOP	2	72	VIEW
576	OTHER	2	72	NONE
577	SYSADMIN	2	73	EDIT
578	ADMIN	2	73	VIEW
579	LAB_HEAD	2	73	EDIT
580	TESTER	2	73	VIEW
581	QMS_HEAD	2	73	VIEW
582	QMS	2	73	VIEW
583	WORKSHOP	2	73	VIEW
584	OTHER	2	73	NONE
585	SYSADMIN	3	74	EDIT
586	ADMIN	3	74	VIEW
587	LAB_HEAD	3	74	EDIT
588	TESTER	3	74	EDIT
589	QMS_HEAD	3	74	VIEW
590	QMS	3	74	VIEW
591	WORKSHOP	3	74	VIEW
592	OTHER	3	74	NONE
593	SYSADMIN	3	75	EDIT
594	ADMIN	3	75	VIEW
595	LAB_HEAD	3	75	EDIT
596	TESTER	3	75	EDIT
597	QMS_HEAD	3	75	VIEW
598	QMS	3	75	VIEW
599	WORKSHOP	3	75	VIEW
600	OTHER	3	75	NONE
601	SYSADMIN	3	76	EDIT
602	ADMIN	3	76	VIEW
603	LAB_HEAD	3	76	EDIT
604	TESTER	3	76	EDIT
605	QMS_HEAD	3	76	VIEW
606	QMS	3	76	VIEW
607	WORKSHOP	3	76	VIEW
608	OTHER	3	76	NONE
609	SYSADMIN	3	77	EDIT
610	ADMIN	3	77	VIEW
611	LAB_HEAD	3	77	EDIT
612	TESTER	3	77	EDIT
613	QMS_HEAD	3	77	VIEW
614	QMS	3	77	VIEW
615	WORKSHOP	3	77	VIEW
616	OTHER	3	77	NONE
617	SYSADMIN	3	78	EDIT
618	ADMIN	3	78	VIEW
619	LAB_HEAD	3	78	EDIT
620	TESTER	3	78	EDIT
621	QMS_HEAD	3	78	VIEW
622	QMS	3	78	VIEW
623	WORKSHOP	3	78	VIEW
624	OTHER	3	78	NONE
625	SYSADMIN	3	79	EDIT
626	ADMIN	3	79	VIEW
627	LAB_HEAD	3	79	EDIT
628	TESTER	3	79	EDIT
629	QMS_HEAD	3	79	VIEW
630	QMS	3	79	VIEW
631	WORKSHOP	3	79	VIEW
632	OTHER	3	79	NONE
633	SYSADMIN	4	80	EDIT
634	ADMIN	4	80	VIEW
635	LAB_HEAD	4	80	EDIT
636	TESTER	4	80	EDIT
637	QMS_HEAD	4	80	VIEW
638	QMS	4	80	VIEW
639	WORKSHOP	4	80	VIEW
640	OTHER	4	80	NONE
641	SYSADMIN	4	81	EDIT
642	ADMIN	4	81	VIEW
643	LAB_HEAD	4	81	EDIT
644	TESTER	4	81	EDIT
645	QMS_HEAD	4	81	VIEW
646	QMS	4	81	VIEW
647	WORKSHOP	4	81	VIEW
648	OTHER	4	81	NONE
649	SYSADMIN	4	82	EDIT
650	ADMIN	4	82	VIEW
651	LAB_HEAD	4	82	EDIT
652	TESTER	4	82	EDIT
653	QMS_HEAD	4	82	VIEW
654	QMS	4	82	VIEW
655	WORKSHOP	4	82	VIEW
656	OTHER	4	82	NONE
657	SYSADMIN	4	83	EDIT
658	ADMIN	4	83	VIEW
659	LAB_HEAD	4	83	EDIT
660	TESTER	4	83	EDIT
661	QMS_HEAD	4	83	VIEW
662	QMS	4	83	VIEW
663	WORKSHOP	4	83	VIEW
664	OTHER	4	83	NONE
665	SYSADMIN	4	84	EDIT
666	ADMIN	4	84	VIEW
667	LAB_HEAD	4	84	EDIT
668	TESTER	4	84	EDIT
669	QMS_HEAD	4	84	VIEW
670	QMS	4	84	VIEW
671	WORKSHOP	4	84	VIEW
672	OTHER	4	84	NONE
673	SYSADMIN	4	85	EDIT
674	ADMIN	4	85	VIEW
675	LAB_HEAD	4	85	EDIT
676	TESTER	4	85	EDIT
677	QMS_HEAD	4	85	VIEW
678	QMS	4	85	VIEW
679	WORKSHOP	4	85	VIEW
680	OTHER	4	85	NONE
681	SYSADMIN	4	86	EDIT
682	ADMIN	4	86	VIEW
683	LAB_HEAD	4	86	EDIT
684	TESTER	4	86	EDIT
685	QMS_HEAD	4	86	VIEW
686	QMS	4	86	VIEW
687	WORKSHOP	4	86	VIEW
688	OTHER	4	86	NONE
689	SYSADMIN	5	87	EDIT
690	ADMIN	5	87	VIEW
691	LAB_HEAD	5	87	EDIT
692	TESTER	5	87	VIEW
693	QMS_HEAD	5	87	VIEW
694	QMS	5	87	VIEW
695	WORKSHOP	5	87	EDIT
696	OTHER	5	87	NONE
697	SYSADMIN	5	88	EDIT
698	ADMIN	5	88	VIEW
699	LAB_HEAD	5	88	EDIT
700	TESTER	5	88	VIEW
701	QMS_HEAD	5	88	VIEW
702	QMS	5	88	VIEW
703	WORKSHOP	5	88	EDIT
704	OTHER	5	88	NONE
705	SYSADMIN	5	89	EDIT
706	ADMIN	5	89	VIEW
707	LAB_HEAD	5	89	EDIT
708	TESTER	5	89	VIEW
709	QMS_HEAD	5	89	VIEW
710	QMS	5	89	VIEW
711	WORKSHOP	5	89	EDIT
712	OTHER	5	89	NONE
713	SYSADMIN	5	90	EDIT
714	ADMIN	5	90	VIEW
715	LAB_HEAD	5	90	EDIT
716	TESTER	5	90	VIEW
717	QMS_HEAD	5	90	VIEW
718	QMS	5	90	VIEW
719	WORKSHOP	5	90	EDIT
720	OTHER	5	90	NONE
721	SYSADMIN	5	91	EDIT
722	ADMIN	5	91	VIEW
723	LAB_HEAD	5	91	EDIT
724	TESTER	5	91	VIEW
725	QMS_HEAD	5	91	VIEW
726	QMS	5	91	VIEW
727	WORKSHOP	5	91	EDIT
728	OTHER	5	91	NONE
729	SYSADMIN	5	92	EDIT
730	ADMIN	5	92	VIEW
731	LAB_HEAD	5	92	EDIT
732	TESTER	5	92	VIEW
733	QMS_HEAD	5	92	VIEW
734	QMS	5	92	VIEW
735	WORKSHOP	5	92	EDIT
736	OTHER	5	92	NONE
737	SYSADMIN	5	93	EDIT
738	ADMIN	5	93	VIEW
739	LAB_HEAD	5	93	EDIT
740	TESTER	5	93	VIEW
741	QMS_HEAD	5	93	VIEW
742	QMS	5	93	VIEW
743	WORKSHOP	5	93	EDIT
744	OTHER	5	93	NONE
745	SYSADMIN	5	94	EDIT
746	ADMIN	5	94	VIEW
747	LAB_HEAD	5	94	EDIT
748	TESTER	5	94	VIEW
749	QMS_HEAD	5	94	VIEW
750	QMS	5	94	VIEW
751	WORKSHOP	5	94	EDIT
752	OTHER	5	94	NONE
753	SYSADMIN	5	95	EDIT
754	ADMIN	5	95	VIEW
755	LAB_HEAD	5	95	EDIT
756	TESTER	5	95	VIEW
757	QMS_HEAD	5	95	VIEW
758	QMS	5	95	VIEW
759	WORKSHOP	5	95	EDIT
760	OTHER	5	95	NONE
761	SYSADMIN	6	96	EDIT
762	ADMIN	6	96	VIEW
763	LAB_HEAD	6	96	EDIT
764	TESTER	6	96	EDIT
765	QMS_HEAD	6	96	VIEW
766	QMS	6	96	VIEW
767	WORKSHOP	6	96	EDIT
768	OTHER	6	96	NONE
769	SYSADMIN	6	97	EDIT
770	ADMIN	6	97	VIEW
771	LAB_HEAD	6	97	EDIT
772	TESTER	6	97	EDIT
773	QMS_HEAD	6	97	VIEW
774	QMS	6	97	VIEW
775	WORKSHOP	6	97	EDIT
776	OTHER	6	97	NONE
777	SYSADMIN	6	98	EDIT
778	ADMIN	6	98	VIEW
779	LAB_HEAD	6	98	EDIT
780	TESTER	6	98	EDIT
781	QMS_HEAD	6	98	VIEW
782	QMS	6	98	VIEW
783	WORKSHOP	6	98	EDIT
784	OTHER	6	98	NONE
785	SYSADMIN	6	99	EDIT
786	ADMIN	6	99	VIEW
787	LAB_HEAD	6	99	EDIT
788	TESTER	6	99	EDIT
789	QMS_HEAD	6	99	VIEW
790	QMS	6	99	VIEW
791	WORKSHOP	6	99	EDIT
792	OTHER	6	99	NONE
793	SYSADMIN	6	100	EDIT
794	ADMIN	6	100	VIEW
795	LAB_HEAD	6	100	EDIT
796	TESTER	6	100	EDIT
797	QMS_HEAD	6	100	VIEW
798	QMS	6	100	VIEW
799	WORKSHOP	6	100	EDIT
800	OTHER	6	100	NONE
801	SYSADMIN	6	101	EDIT
802	ADMIN	6	101	VIEW
803	LAB_HEAD	6	101	EDIT
804	TESTER	6	101	EDIT
805	QMS_HEAD	6	101	VIEW
806	QMS	6	101	VIEW
807	WORKSHOP	6	101	EDIT
808	OTHER	6	101	NONE
809	SYSADMIN	6	102	EDIT
810	ADMIN	6	102	VIEW
811	LAB_HEAD	6	102	EDIT
812	TESTER	6	102	EDIT
813	QMS_HEAD	6	102	VIEW
814	QMS	6	102	VIEW
815	WORKSHOP	6	102	EDIT
816	OTHER	6	102	NONE
216	TESTER	1	27	VIEW
572	TESTER	2	72	EDIT
1329	LAB_HEAD	1	145	EDIT
939	QMS_ADMIN	1	3	EDIT
919	CLIENT_MANAGER	1	33	VIEW
860	LAB_HEAD	1	107	EDIT
861	QMS_HEAD	1	107	EDIT
862	QMS	1	107	VIEW
863	SYSADMIN	1	107	EDIT
854	ADMIN	1	110	EDIT
851	LAB_HEAD	1	110	EDIT
857	TESTER	1	110	EDIT
856	WORKSHOP	1	110	EDIT
853	QMS	1	110	EDIT
850	SYSADMIN	1	110	EDIT
43	LAB_HEAD	1	6	EDIT
290	ADMIN	1	37	VIEW
858	ADMIN	1	107	VIEW
871	ADMIN	1	114	VIEW
872	SYSADMIN	1	114	EDIT
873	ADMIN	1	115	VIEW
874	SYSADMIN	1	115	EDIT
875	QMS_HEAD	1	115	VIEW
876	QMS_HEAD	1	114	VIEW
877	CTO	1	114	VIEW
878	CEO	1	115	VIEW
879	LAB_HEAD	1	115	VIEW
880	CEO	1	114	VIEW
881	CTO	1	115	VIEW
882	LAB_HEAD	1	114	VIEW
883	TESTER	1	114	NONE
884	TESTER	1	115	NONE
885	QMS	1	114	VIEW
886	QMS	1	115	VIEW
887	CLIENT_MANAGER	1	1	EDIT
888	CLIENT_MANAGER	1	2	EDIT
889	CLIENT_MANAGER	1	3	EDIT
890	CLIENT_MANAGER	1	4	EDIT
891	CLIENT_MANAGER	1	5	EDIT
892	CLIENT_MANAGER	1	6	EDIT
893	CLIENT_MANAGER	1	7	EDIT
894	CLIENT_MANAGER	1	8	EDIT
895	CLIENT_MANAGER	1	9	EDIT
896	CLIENT_MANAGER	1	10	EDIT
897	CLIENT_MANAGER	1	11	EDIT
898	CLIENT_MANAGER	1	12	EDIT
899	CLIENT_MANAGER	1	13	EDIT
900	CLIENT_MANAGER	1	14	EDIT
901	CLIENT_MANAGER	1	15	EDIT
902	CLIENT_MANAGER	1	16	EDIT
903	CLIENT_MANAGER	1	17	EDIT
904	CLIENT_MANAGER	1	18	EDIT
906	CLIENT_MANAGER	1	20	EDIT
907	CLIENT_MANAGER	1	21	EDIT
908	CLIENT_MANAGER	1	22	EDIT
909	CLIENT_MANAGER	1	23	EDIT
910	CLIENT_MANAGER	1	24	EDIT
911	CLIENT_MANAGER	1	25	EDIT
912	CLIENT_MANAGER	1	26	EDIT
913	CLIENT_MANAGER	1	27	EDIT
914	CLIENT_MANAGER	1	28	EDIT
915	CLIENT_MANAGER	1	29	EDIT
916	CLIENT_MANAGER	1	30	EDIT
917	CLIENT_MANAGER	1	31	EDIT
918	CLIENT_MANAGER	1	32	EDIT
921	CLIENT_MANAGER	1	35	VIEW
922	CLIENT_MANAGER	1	36	VIEW
923	CLIENT_MANAGER	1	37	VIEW
924	CLIENT_MANAGER	1	38	VIEW
926	CLIENT_MANAGER	1	40	VIEW
927	CLIENT_MANAGER	1	41	VIEW
928	CLIENT_MANAGER	1	42	VIEW
929	CLIENT_MANAGER	1	43	VIEW
930	CLIENT_MANAGER	1	44	VIEW
931	CLIENT_MANAGER	1	45	VIEW
932	CLIENT_MANAGER	1	46	VIEW
933	CLIENT_MANAGER	1	107	VIEW
935	CLIENT_MANAGER	1	114	VIEW
936	CLIENT_MANAGER	1	115	VIEW
934	CLIENT_MANAGER	1	110	EDIT
937	QMS_ADMIN	1	1	EDIT
938	QMS_ADMIN	1	2	EDIT
940	QMS_ADMIN	1	4	EDIT
941	QMS_ADMIN	1	5	EDIT
942	QMS_ADMIN	1	6	EDIT
943	QMS_ADMIN	1	7	EDIT
944	QMS_ADMIN	1	8	EDIT
945	QMS_ADMIN	1	9	EDIT
946	QMS_ADMIN	1	10	EDIT
947	QMS_ADMIN	1	11	EDIT
948	QMS_ADMIN	1	12	EDIT
949	QMS_ADMIN	1	13	EDIT
950	QMS_ADMIN	1	14	EDIT
951	QMS_ADMIN	1	15	EDIT
952	QMS_ADMIN	1	16	EDIT
953	QMS_ADMIN	1	17	EDIT
954	QMS_ADMIN	1	18	EDIT
956	QMS_ADMIN	1	20	EDIT
957	QMS_ADMIN	1	21	EDIT
958	QMS_ADMIN	1	22	EDIT
959	QMS_ADMIN	1	23	EDIT
960	QMS_ADMIN	1	24	EDIT
961	QMS_ADMIN	1	25	EDIT
962	QMS_ADMIN	1	26	EDIT
963	QMS_ADMIN	1	27	EDIT
905	CLIENT_MANAGER	1	19	VIEW
955	QMS_ADMIN	1	19	VIEW
964	QMS_ADMIN	1	28	EDIT
965	QMS_ADMIN	1	29	EDIT
966	QMS_ADMIN	1	30	EDIT
967	QMS_ADMIN	1	31	EDIT
968	QMS_ADMIN	1	32	EDIT
970	QMS_ADMIN	1	34	EDIT
971	QMS_ADMIN	1	35	EDIT
972	QMS_ADMIN	1	36	EDIT
973	QMS_ADMIN	1	37	EDIT
974	QMS_ADMIN	1	38	EDIT
975	QMS_ADMIN	1	40	EDIT
976	QMS_ADMIN	1	41	EDIT
977	QMS_ADMIN	1	42	EDIT
978	QMS_ADMIN	1	43	EDIT
979	QMS_ADMIN	1	44	EDIT
980	QMS_ADMIN	1	45	EDIT
981	QMS_ADMIN	1	46	EDIT
982	QMS_ADMIN	1	107	EDIT
1330	CLIENT_MANAGER	1	145	VIEW
984	QMS_ADMIN	1	114	EDIT
985	QMS_ADMIN	1	115	EDIT
258	ADMIN	1	33	VIEW
259	LAB_HEAD	1	33	VIEW
969	QMS_ADMIN	1	33	VIEW
1331	CLIENT_DEPT_HEAD	1	145	VIEW
1332	SYSADMIN	1	145	EDIT
986	QMS_ADMIN	1	110	EDIT
987	QMS_HEAD	1	110	EDIT
988	METROLOGIST	1	110	EDIT
989	CLIENT_MANAGER	1	124	VIEW
990	CLIENT_MANAGER	1	125	VIEW
991	CLIENT_MANAGER	1	126	VIEW
992	CLIENT_MANAGER	1	127	VIEW
993	CLIENT_DEPT_HEAD	1	124	VIEW
994	CLIENT_DEPT_HEAD	1	125	VIEW
995	CLIENT_DEPT_HEAD	1	126	VIEW
996	CLIENT_DEPT_HEAD	1	127	VIEW
1005	WORKSHOP	1	124	VIEW
1006	WORKSHOP	1	125	VIEW
1007	WORKSHOP	1	126	VIEW
1008	WORKSHOP	1	127	VIEW
1009	LAB_HEAD	1	124	EDIT
1010	LAB_HEAD	1	125	EDIT
1011	LAB_HEAD	1	126	EDIT
1012	LAB_HEAD	1	127	EDIT
1013	QMS_HEAD	1	124	VIEW
1014	QMS_HEAD	1	125	VIEW
1015	QMS_HEAD	1	126	VIEW
1016	QMS_HEAD	1	127	VIEW
1017	QMS_ADMIN	1	124	VIEW
1018	QMS_ADMIN	1	125	VIEW
1019	QMS_ADMIN	1	126	VIEW
1020	QMS_ADMIN	1	127	VIEW
1021	METROLOGIST	1	124	VIEW
1022	METROLOGIST	1	125	VIEW
1023	METROLOGIST	1	126	VIEW
1024	METROLOGIST	1	127	VIEW
1025	SYSADMIN	1	124	EDIT
1026	SYSADMIN	1	125	EDIT
1027	SYSADMIN	1	126	EDIT
1028	SYSADMIN	1	127	EDIT
1029	CTO	1	124	VIEW
1030	CTO	1	125	VIEW
1031	CTO	1	126	VIEW
1032	CTO	1	127	VIEW
1033	CEO	1	124	VIEW
1034	CEO	1	125	VIEW
1035	CEO	1	126	VIEW
1036	CEO	1	127	VIEW
997	TESTER	1	124	EDIT
998	TESTER	1	125	EDIT
999	TESTER	1	126	EDIT
1000	TESTER	1	127	EDIT
849	TESTER	1	107	EDIT
1037	WORKSHOP	1	128	EDIT
1039	WORKSHOP	1	130	EDIT
1040	WORKSHOP	1	131	EDIT
1041	WORKSHOP	1	132	EDIT
1042	LAB_HEAD	1	128	EDIT
1044	LAB_HEAD	1	130	EDIT
1045	LAB_HEAD	1	131	EDIT
1046	LAB_HEAD	1	132	EDIT
1047	QMS_HEAD	1	128	EDIT
1049	QMS_HEAD	1	130	EDIT
1050	QMS_HEAD	1	131	EDIT
1051	QMS_HEAD	1	132	EDIT
1052	QMS_ADMIN	1	128	EDIT
1054	QMS_ADMIN	1	130	EDIT
1055	QMS_ADMIN	1	131	EDIT
1056	QMS_ADMIN	1	132	EDIT
1057	SYSADMIN	1	128	EDIT
1059	SYSADMIN	1	130	EDIT
1060	SYSADMIN	1	131	EDIT
1061	SYSADMIN	1	132	EDIT
1062	TESTER	1	128	VIEW
1064	TESTER	1	130	VIEW
1065	TESTER	1	131	VIEW
1066	TESTER	1	132	VIEW
1072	CLIENT_MANAGER	1	128	VIEW
1074	CLIENT_MANAGER	1	130	VIEW
1075	CLIENT_MANAGER	1	131	VIEW
1076	CLIENT_MANAGER	1	132	VIEW
1077	CLIENT_DEPT_HEAD	1	128	VIEW
1079	CLIENT_DEPT_HEAD	1	130	VIEW
1080	CLIENT_DEPT_HEAD	1	131	VIEW
1081	CLIENT_DEPT_HEAD	1	132	VIEW
1082	CTO	1	128	VIEW
1084	CTO	1	130	VIEW
1085	CTO	1	131	VIEW
1086	CTO	1	132	VIEW
1335	CTO	1	145	VIEW
1336	CEO	1	145	VIEW
1337	WORKSHOP_HEAD	1	145	VIEW
300	QMS_HEAD	1	38	EDIT
1323	QMS_HEAD	1	144	EDIT
1324	QMS_ADMIN	1	144	EDIT
1333	QMS_HEAD	1	145	EDIT
1334	QMS_ADMIN	1	145	EDIT
1360	CLIENT_MANAGER	1	148	VIEW
1361	CLIENT_DEPT_HEAD	1	148	VIEW
1362	LAB_HEAD	1	148	VIEW
1363	QMS_HEAD	1	148	VIEW
1364	QMS_ADMIN	1	148	VIEW
1365	SYSADMIN	1	148	VIEW
1087	CEO	1	128	VIEW
1089	CEO	1	130	VIEW
1090	CEO	1	131	VIEW
1091	CEO	1	132	VIEW
1092	METROLOGIST	1	128	VIEW
1094	METROLOGIST	1	130	VIEW
1095	METROLOGIST	1	131	VIEW
1096	METROLOGIST	1	132	VIEW
1098	WORKSHOP	1	114	NONE
1099	WORKSHOP	1	115	NONE
1100	WORKSHOP	1	\N	VIEW
1097	WORKSHOP	1	107	EDIT
1359	WORKSHOP	1	145	VIEW
1120	CLIENT_MANAGER	1	133	VIEW
1377	CEO	9	150	VIEW
1378	CTO	9	150	VIEW
1379	QMS_HEAD	9	150	VIEW
1380	QMS_ADMIN	9	150	VIEW
1381	LAB_HEAD	9	150	VIEW
1382	CLIENT_DEPT_HEAD	9	150	VIEW
1383	WORKSHOP_HEAD	9	150	VIEW
1398	CONTRACT_SPEC	9	150	VIEW
1400	CEO	12	153	EDIT
1115	WORKSHOP	1	133	VIEW
1116	LAB_HEAD	1	133	EDIT
1117	SYSADMIN	1	133	EDIT
1118	QMS_HEAD	1	133	VIEW
1119	QMS_ADMIN	1	133	VIEW
1121	CLIENT_DEPT_HEAD	1	133	NONE
1122	TESTER	1	133	NONE
1124	METROLOGIST	1	133	NONE
1125	CTO	1	133	NONE
1126	CEO	1	133	NONE
1128	SYSADMIN	1	134	EDIT
1129	ADMIN	1	134	EDIT
1130	LAB_HEAD	1	134	EDIT
1131	QMS_HEAD	1	134	VIEW
1132	QMS	1	134	VIEW
1133	WORKSHOP	1	134	VIEW
1134	OTHER	1	134	NONE
1135	TESTER	1	134	VIEW
1136	CLIENT_MANAGER	1	134	EDIT
1137	QMS_ADMIN	1	134	EDIT
1138	SYSADMIN	1	136	EDIT
1139	ADMIN	1	136	EDIT
1140	LAB_HEAD	1	136	EDIT
1141	QMS_HEAD	1	136	VIEW
1142	QMS	1	136	VIEW
1143	WORKSHOP	1	136	VIEW
1144	OTHER	1	136	NONE
1145	TESTER	1	136	VIEW
1146	CLIENT_MANAGER	1	136	EDIT
1147	QMS_ADMIN	1	136	EDIT
1148	SYSADMIN	1	137	EDIT
1149	ADMIN	1	137	EDIT
1150	LAB_HEAD	1	137	EDIT
1151	QMS_HEAD	1	137	VIEW
1152	QMS	1	137	VIEW
1153	WORKSHOP	1	137	VIEW
1154	OTHER	1	137	NONE
1155	TESTER	1	137	VIEW
1156	CLIENT_MANAGER	1	137	EDIT
1157	QMS_ADMIN	1	137	EDIT
1158	CLIENT_MANAGER	1	139	EDIT
1159	CLIENT_DEPT_HEAD	1	139	EDIT
1160	LAB_HEAD	1	139	EDIT
1161	WORKSHOP	1	139	VIEW
1162	TESTER	1	139	VIEW
1164	QMS_HEAD	1	139	VIEW
1165	QMS_ADMIN	1	139	VIEW
1166	SYSADMIN	1	139	EDIT
1167	CTO	1	139	VIEW
1168	CEO	1	139	VIEW
1169	WORKSHOP_HEAD	1	1	VIEW
1170	WORKSHOP_HEAD	1	2	NONE
1171	WORKSHOP_HEAD	1	3	NONE
1172	WORKSHOP_HEAD	1	4	NONE
1173	WORKSHOP_HEAD	1	5	VIEW
1174	WORKSHOP_HEAD	1	6	NONE
1175	WORKSHOP_HEAD	1	7	NONE
1176	WORKSHOP_HEAD	1	8	VIEW
1177	WORKSHOP_HEAD	1	9	VIEW
1178	WORKSHOP_HEAD	1	10	VIEW
1179	WORKSHOP_HEAD	1	11	VIEW
1180	WORKSHOP_HEAD	1	12	VIEW
1181	WORKSHOP_HEAD	1	13	VIEW
1182	WORKSHOP_HEAD	1	14	VIEW
1183	WORKSHOP_HEAD	1	15	VIEW
1184	WORKSHOP_HEAD	1	16	VIEW
1185	WORKSHOP_HEAD	1	17	VIEW
1186	WORKSHOP_HEAD	1	18	VIEW
1187	WORKSHOP_HEAD	1	19	VIEW
1188	WORKSHOP_HEAD	1	20	VIEW
1189	WORKSHOP_HEAD	1	21	VIEW
1190	WORKSHOP_HEAD	1	22	VIEW
1191	WORKSHOP_HEAD	1	23	VIEW
1192	WORKSHOP_HEAD	1	24	VIEW
1193	WORKSHOP_HEAD	1	25	VIEW
1194	WORKSHOP_HEAD	1	26	VIEW
1195	WORKSHOP_HEAD	1	27	VIEW
1196	WORKSHOP_HEAD	1	28	VIEW
1197	WORKSHOP_HEAD	1	29	VIEW
1198	WORKSHOP_HEAD	1	30	VIEW
1199	WORKSHOP_HEAD	1	31	VIEW
1200	WORKSHOP_HEAD	1	32	VIEW
1201	WORKSHOP_HEAD	1	33	VIEW
1202	WORKSHOP_HEAD	1	34	EDIT
1203	WORKSHOP_HEAD	1	35	VIEW
1204	WORKSHOP_HEAD	1	36	VIEW
1205	WORKSHOP_HEAD	1	37	VIEW
1206	WORKSHOP_HEAD	1	38	VIEW
1207	WORKSHOP_HEAD	1	40	VIEW
1208	WORKSHOP_HEAD	1	41	VIEW
1209	WORKSHOP_HEAD	1	42	VIEW
1210	WORKSHOP_HEAD	1	43	VIEW
1211	WORKSHOP_HEAD	1	44	VIEW
1212	WORKSHOP_HEAD	1	45	VIEW
1213	WORKSHOP_HEAD	1	46	VIEW
1214	WORKSHOP_HEAD	2	47	VIEW
1215	WORKSHOP_HEAD	2	48	VIEW
1216	WORKSHOP_HEAD	2	49	VIEW
1401	CTO	12	153	EDIT
1402	LAB_HEAD	12	153	EDIT
1403	CLIENT_DEPT_HEAD	12	153	EDIT
1404	QMS_HEAD	12	153	EDIT
1405	QMS_ADMIN	12	153	EDIT
1217	WORKSHOP_HEAD	2	50	VIEW
1218	WORKSHOP_HEAD	2	51	VIEW
1219	WORKSHOP_HEAD	2	52	VIEW
1220	WORKSHOP_HEAD	2	53	VIEW
1221	WORKSHOP_HEAD	2	54	VIEW
1222	WORKSHOP_HEAD	2	55	VIEW
1223	WORKSHOP_HEAD	2	56	VIEW
1224	WORKSHOP_HEAD	2	57	VIEW
1225	WORKSHOP_HEAD	2	58	VIEW
1226	WORKSHOP_HEAD	2	59	VIEW
1227	WORKSHOP_HEAD	2	60	VIEW
1228	WORKSHOP_HEAD	2	61	VIEW
1229	WORKSHOP_HEAD	2	62	VIEW
1230	WORKSHOP_HEAD	2	63	VIEW
1231	WORKSHOP_HEAD	2	64	VIEW
1232	WORKSHOP_HEAD	2	65	VIEW
1233	WORKSHOP_HEAD	2	66	VIEW
1234	WORKSHOP_HEAD	2	67	VIEW
1235	WORKSHOP_HEAD	2	68	VIEW
1236	WORKSHOP_HEAD	2	69	VIEW
1237	WORKSHOP_HEAD	2	70	VIEW
1238	WORKSHOP_HEAD	2	71	VIEW
1239	WORKSHOP_HEAD	2	72	VIEW
1240	WORKSHOP_HEAD	2	73	VIEW
1241	WORKSHOP_HEAD	3	74	VIEW
1242	WORKSHOP_HEAD	3	75	VIEW
1243	WORKSHOP_HEAD	3	76	VIEW
1244	WORKSHOP_HEAD	3	77	VIEW
1245	WORKSHOP_HEAD	3	78	VIEW
1246	WORKSHOP_HEAD	3	79	VIEW
1247	WORKSHOP_HEAD	4	80	VIEW
1248	WORKSHOP_HEAD	4	81	VIEW
1249	WORKSHOP_HEAD	4	82	VIEW
1250	WORKSHOP_HEAD	4	83	VIEW
1251	WORKSHOP_HEAD	4	84	VIEW
1252	WORKSHOP_HEAD	4	85	VIEW
1253	WORKSHOP_HEAD	4	86	VIEW
1254	WORKSHOP_HEAD	5	87	EDIT
1255	WORKSHOP_HEAD	5	88	EDIT
1256	WORKSHOP_HEAD	5	89	EDIT
1257	WORKSHOP_HEAD	5	90	EDIT
1258	WORKSHOP_HEAD	5	91	EDIT
1259	WORKSHOP_HEAD	5	92	EDIT
1260	WORKSHOP_HEAD	5	93	EDIT
1261	WORKSHOP_HEAD	5	94	EDIT
1262	WORKSHOP_HEAD	5	95	EDIT
1263	WORKSHOP_HEAD	6	96	EDIT
1264	WORKSHOP_HEAD	6	97	EDIT
1265	WORKSHOP_HEAD	6	98	EDIT
1266	WORKSHOP_HEAD	6	99	EDIT
1267	WORKSHOP_HEAD	6	100	EDIT
1268	WORKSHOP_HEAD	6	101	EDIT
1269	WORKSHOP_HEAD	6	102	EDIT
1274	WORKSHOP_HEAD	1	110	EDIT
1275	WORKSHOP_HEAD	1	124	VIEW
1276	WORKSHOP_HEAD	1	125	VIEW
1277	WORKSHOP_HEAD	1	126	VIEW
1278	WORKSHOP_HEAD	1	127	VIEW
1284	WORKSHOP_HEAD	1	107	EDIT
1285	WORKSHOP_HEAD	1	114	NONE
1286	WORKSHOP_HEAD	1	115	NONE
1287	WORKSHOP_HEAD	1	\N	VIEW
1289	WORKSHOP_HEAD	1	134	VIEW
1290	WORKSHOP_HEAD	1	136	VIEW
1291	WORKSHOP_HEAD	1	137	VIEW
1292	WORKSHOP_HEAD	1	139	VIEW
1288	WORKSHOP_HEAD	1	133	EDIT
1279	WORKSHOP_HEAD	1	128	EDIT
1414	CTO	1	1	EDIT
1281	WORKSHOP_HEAD	1	130	EDIT
1282	WORKSHOP_HEAD	1	131	EDIT
1283	WORKSHOP_HEAD	1	132	EDIT
1294	SYSADMIN	1	140	EDIT
1295	ADMIN	1	140	EDIT
1296	LAB_HEAD	1	140	EDIT
1297	QMS_HEAD	1	140	VIEW
1298	QMS	1	140	VIEW
1299	WORKSHOP	1	140	VIEW
1300	OTHER	1	140	NONE
1301	TESTER	1	140	VIEW
1302	CLIENT_MANAGER	1	140	EDIT
1303	QMS_ADMIN	1	140	EDIT
1304	WORKSHOP_HEAD	1	140	VIEW
1305	SYSADMIN	1	141	EDIT
1306	WORKSHOP_HEAD	1	141	EDIT
1307	WORKSHOP	1	141	EDIT
1308	LAB_HEAD	1	141	EDIT
1309	TESTER	1	141	VIEW
1310	QMS_HEAD	1	141	VIEW
1311	QMS_ADMIN	1	141	VIEW
1312	CLIENT_MANAGER	1	141	VIEW
1313	CLIENT_DEPT_HEAD	1	141	VIEW
1314	CTO	1	141	VIEW
1315	CEO	1	141	VIEW
1316	METROLOGIST	1	141	VIEW
147	LAB_HEAD	1	19	VIEW
920	CLIENT_MANAGER	1	34	EDIT
1415	CTO	1	2	EDIT
1416	CTO	1	3	EDIT
1399	CLIENT_MANAGER	9	150	VIEW
1406	CLIENT_MANAGER	12	153	EDIT
1417	CTO	1	4	VIEW
1418	CTO	1	5	VIEW
1419	CTO	1	6	VIEW
1420	CTO	1	7	VIEW
1421	CTO	1	8	VIEW
1422	CTO	1	9	VIEW
1423	CTO	1	10	VIEW
1424	CTO	1	11	VIEW
1425	CTO	1	12	EDIT
1426	CTO	1	13	EDIT
1427	CTO	1	14	EDIT
1428	CTO	1	15	EDIT
1429	CTO	1	16	VIEW
1430	CTO	1	17	VIEW
1431	CTO	1	18	EDIT
1432	CTO	1	19	EDIT
1433	CTO	1	20	EDIT
1434	CTO	1	21	EDIT
1435	CTO	1	22	EDIT
1436	CTO	1	23	EDIT
1437	CTO	1	24	NONE
1438	CTO	1	25	NONE
1439	CTO	1	26	NONE
1440	CTO	1	27	NONE
1441	CTO	1	28	NONE
1442	CTO	1	29	NONE
1443	CTO	1	30	NONE
1444	CTO	1	31	NONE
1445	CTO	1	32	NONE
1446	CTO	1	33	NONE
1447	CTO	1	34	NONE
1448	CTO	1	35	NONE
1449	CTO	1	36	NONE
1450	CTO	1	37	NONE
1451	CTO	1	38	NONE
1452	CTO	1	40	NONE
1453	CTO	1	41	NONE
1454	CTO	1	42	NONE
1455	CTO	1	43	NONE
1456	CTO	1	44	NONE
1457	CTO	1	45	NONE
1458	CTO	1	46	NONE
1459	CTO	1	107	NONE
1460	CTO	1	110	NONE
1461	CTO	1	134	NONE
1462	CTO	1	136	NONE
1463	CTO	1	140	NONE
1464	CTO	1	137	NONE
1465	CTO	1	148	NONE
\.


--
-- Data for Name: sample_auxiliary_equipment; Type: TABLE DATA; Schema: public; Owner: -
--

COPY public.sample_auxiliary_equipment (id, sample_id, equipment_id) FROM stdin;
\.


--
-- Data for Name: sample_files; Type: TABLE DATA; Schema: public; Owner: -
--

COPY public.sample_files (id, file, original_filename, file_size, uploaded_at, description, sample_id, uploaded_by_id) FROM stdin;
1	MI\\2026\\010\\250626_3509_000000784_R500-p-Cv011004-11_XRD_RTD.docx	250626_3509_000000784_R500-p-Cv011004-11_XRD_RTD.docx	105850	2026-02-03 22:45:11.368817+00		11	4
4	МИ\\2026\\260202_5_646235_352_HRC\\photo_2026-01-06_16-25-03.jpg	photo_2026-01-06_16-25-03.jpg	234014	2026-02-04 06:50:10.758441+00		6	4
5	ТА\\2026\\260202_4_32rr_4_7t78_HRC\\plan.png	plan.png	15979	2026-02-04 17:37:49.301274+00		5	19
6	МИ\\2026\\260202_3_646235_fedfd_CTE_RTD\\24.05 ответы на Локальные замечания.xlsx	24.05 ответы на Локальные замечания.xlsx	126254	2026-02-04 17:38:08.859569+00		3	19
8	МИ\\2026\\260205_21_646235_55_CTE_RTD\\Hearthstone Screenshot 02-03-26 13.42.37.png	Hearthstone Screenshot 02-03-26 13.42.37.png	1853218	2026-02-05 22:29:22.026765+00		22	2
11	ТА\\2026\\260208_39_231_123_HRC\\Документ Microsoft Word.docx	Документ Microsoft Word.docx	0	2026-02-08 20:05:07.63396+00		40	19
12	ТА\\2026\\260208_31_543_re32_HRC\\24.05 ответы на Локальные замечания.xlsx	24.05 ответы на Локальные замечания.xlsx	126254	2026-02-08 20:25:14.314948+00		32	7
13	ТА\\2026\\260208_41_646235_fthfrth_CTE\\24.05 ответы на Локальные замечания.xlsx	24.05 ответы на Локальные замечания.xlsx	126254	2026-02-08 20:46:27.189828+00		42	7
14	ТА\\2026\\260208_41_646235_fthfrth_CTE\\plan.png	plan.png	15979	2026-02-08 23:08:57.030149+00		42	7
15	ТА\\2026\\260209_46_646235_3_TGA\\1.png	1.png	3123084	2026-02-09 17:04:03.24341+00		47	18
17	МИ/2026/260224_84_test_123_HRC_RTD/1.txt	1.txt	35766	2026-02-24 08:33:24.915695+00		87	2
\.


--
-- Data for Name: sample_manufacturing_auxiliary_equipment; Type: TABLE DATA; Schema: public; Owner: -
--

COPY public.sample_manufacturing_auxiliary_equipment (id, sample_id, equipment_id) FROM stdin;
1	27	21
2	27	15
3	59	14
4	60	19
5	75	20
6	88	18
7	88	15
\.


--
-- Data for Name: sample_manufacturing_measuring_instruments; Type: TABLE DATA; Schema: public; Owner: -
--

COPY public.sample_manufacturing_measuring_instruments (id, sample_id, equipment_id) FROM stdin;
1	42	1
2	59	10
3	60	10
4	75	10
5	88	10
\.


--
-- Data for Name: sample_manufacturing_operators; Type: TABLE DATA; Schema: public; Owner: -
--

COPY public.sample_manufacturing_operators (id, sample_id, user_id) FROM stdin;
1	42	7
2	44	2
3	44	12
4	45	2
5	45	14
6	54	24
7	54	12
8	7	18
11	58	24
12	58	7
13	27	24
14	27	7
15	59	24
16	59	7
17	60	24
18	60	7
19	75	7
20	88	24
21	88	7
\.


--
-- Data for Name: sample_manufacturing_testing_equipment; Type: TABLE DATA; Schema: public; Owner: -
--

COPY public.sample_manufacturing_testing_equipment (id, sample_id, equipment_id) FROM stdin;
1	42	3
2	27	11
3	59	11
4	60	11
5	75	11
6	88	11
\.


--
-- Data for Name: sample_measuring_instruments; Type: TABLE DATA; Schema: public; Owner: -
--

COPY public.sample_measuring_instruments (id, sample_id, equipment_id) FROM stdin;
2	6	1
6	9	8
8	8	8
9	8	7
10	10	2
11	17	2
12	18	1
\.


--
-- Data for Name: sample_operators; Type: TABLE DATA; Schema: public; Owner: -
--

COPY public.sample_operators (id, sample_id, user_id) FROM stdin;
4	6	2
5	6	4
8	9	3
9	9	5
10	10	2
11	10	4
13	17	24
14	17	12
15	18	2
16	18	7
17	5	18
19	30	18
20	30	11
21	41	17
22	41	18
23	45	18
24	45	11
25	46	18
26	46	11
29	60	17
30	60	18
31	75	33
32	75	31
33	85	32
34	85	31
35	77	31
36	78	32
37	78	33
38	78	31
39	81	32
40	81	33
41	81	31
42	83	32
43	83	33
44	83	31
45	88	2
46	88	14
\.


--
-- Data for Name: sample_standards; Type: TABLE DATA; Schema: public; Owner: -
--

COPY public.sample_standards (id, sample_id, standard_id) FROM stdin;
1	44	3
2	40	2
3	32	2
4	36	5
5	55	1
6	38	4
7	26	4
8	46	2
9	48	4
10	3	4
11	1	1
12	50	4
13	59	3
14	63	3
15	67	3
16	71	2
17	52	3
18	11	2
19	12	2
20	2	2
21	41	2
22	33	2
23	37	1
24	60	2
25	29	4
26	45	5
27	53	1
28	49	4
29	64	3
30	27	4
31	31	1
33	68	3
34	9	3
35	20	3
36	6	2
37	22	4
38	34	1
39	42	4
40	8	3
41	24	1
42	57	2
43	16	2
44	25	2
45	61	4
46	23	2
47	15	1
48	13	4
49	14	2
50	5	2
51	10	3
52	21	4
53	19	2
54	18	2
55	65	3
56	17	1
57	69	3
58	7	2
59	28	2
60	35	4
61	30	2
62	39	4
63	43	1
64	66	3
65	70	3
66	51	1
67	47	3
68	62	3
69	54	3
70	58	2
74	74	3
75	74	4
76	56	3
77	77	6
78	80	6
79	81	6
80	82	1
81	83	6
82	84	1
83	85	6
84	86	3
85	87	2
86	88	2
\.


--
-- Data for Name: sample_testing_equipment; Type: TABLE DATA; Schema: public; Owner: -
--

COPY public.sample_testing_equipment (id, sample_id, equipment_id) FROM stdin;
2	6	3
5	10	3
6	17	3
7	18	3
\.


--
-- Data for Name: samples; Type: TABLE DATA; Schema: public; Owner: -
--

COPY public.samples (id, sequence_number, cipher, registration_date, client_id, contract_id, contract_date, laboratory_id, accompanying_doc_number, accompanying_doc_full_name, accreditation_area_id, test_code, test_type, working_days, sample_received_date, object_info, object_id, cutting_direction, test_conditions, panel_id, material, determined_parameters, admin_notes, deadline, report_type, pi_number, manufacturing_date, uzk_required, further_movement, registered_by_id, replacement_protocol_required, replacement_pi_number, test_status, report_prepared_by_id, operator_notes, protocol_issued_date, protocol_printed_date, replacement_protocol_issued_date, status, files_path, created_at, updated_at, verified_by, verified_at, protocol_checked_by, protocol_checked_at, replacement_count, conditioning_start_datetime, conditioning_end_datetime, testing_start_datetime, testing_end_datetime, manufacturing_completion_date, report_prepared_date, manufacturing, workshop_status, sample_count, preparation, notes, manufacturing_deadline, additional_sample_count, workshop_notes, moisture_conditioning, moisture_sample_id, cutting_standard_id) FROM stdin;
44	43	260209_43_rqwer_1_TGA	2026-02-09	2	2	2026-01-20	3	rqwer	e1221e	3	TGA	Термогравиметрия	10	2026-02-09		1			260209_1		21erd		2026-02-24	PROTOCOL	rqwer/43-TGA-TA	\N	f	TO_TA	19	f			18		\N	\N	\N	DRAFT_READY		2026-02-09 06:59:07.909356+00	2026-02-09 07:02:05.230644+00	20	2026-02-09 06:59:33.105654+00	\N	\N	0	\N	\N	\N	2026-02-09 07:01:57.945089+00	2026-02-09 07:01:39.30446+00	2026-02-09 07:02:05.229645+00	t	COMPLETED	1			\N	0		f	\N	\N
40	39	260208_39_231_123_HRC	2026-02-08	2	2	2026-01-20	3	231	1414sda	2	HRC	Испытание на твёрдость	10	2026-02-08		123			260208_123		e12sda		2026-02-20	PROTOCOL	231/39-HRC-TA	\N	f	TO_TA	19	f			18		\N	\N	\N	DRAFT_READY		2026-02-08 19:22:23.405865+00	2026-02-08 19:25:50.807129+00	20	2026-02-08 19:23:50.729243+00	\N	\N	0	2026-02-08 19:24:40.254769+00	2026-02-08 19:25:12.303645+00	\N	2026-02-08 19:25:43.376658+00	2026-02-08 19:24:10.355347+00	2026-02-08 19:25:50.806128+00	t	COMPLETED	1			\N	0		f	\N	\N
32	31	260208_31_543_re32_HRC	2026-02-08	2	2	2026-01-20	3	543	e12	3	HRC	Испытание на твёрдость	10	2026-02-08		re32			260208_re32		у2у21		2026-02-20	PROTOCOL	543/31-HRC-TA	\N	f	TO_MI	19	f			\N		\N	\N	\N	PROTOCOL_ISSUED		2026-02-08 11:04:53.399455+00	2026-02-08 23:26:26.199603+00	20	2026-02-08 13:22:01.690389+00	\N	\N	0	\N	\N	\N	\N	\N	\N	t	IN_WORKSHOP	1			\N	0		f	\N	\N
36	35	260208_35_646235_23_IMP	2026-02-08	2	\N	\N	3	646235	21у12	2	IMP	Ударные испытания	10	2026-02-08		23					2342а		2026-02-20	PROTOCOL	646235/35-IMP-TA	\N	f	TO_TA	19	f			\N		\N	\N	\N	REGISTERED		2026-02-08 13:50:56.047841+00	2026-02-08 13:58:35.711726+00	20	2026-02-08 13:58:35.710726+00	\N	\N	0	\N	\N	\N	\N	\N	\N	f	\N	1			\N	0		f	\N	\N
55	54	260210_54_111_fedfd_TEN_RTD	2026-02-10	2	\N	\N	1	111	2222	2	TEN	Растяжение	10	2026-02-11		fedfd	0	RTD	260210_fedfd	Пластик	123		2026-02-26	NONE	111/54-TEN-MI	\N	f	TO_CLIENT_DEPT	19	f			\N		\N	\N	\N	COMPLETED		2026-02-10 22:22:17.648051+00	2026-02-10 22:33:49.378251+00	20	2026-02-10 22:22:31.437077+00	\N	\N	0	\N	\N	\N	\N	2026-02-10 22:22:41.878979+00	\N	t	COMPLETED	1			2026-02-14	0		f	\N	\N
38	37	260208_37_1233_34_CTE	2026-02-08	2	2	2026-01-20	3	1233	233	2	CTE	Термический анализ	10	2026-02-08		34			260208_34		23к4		2026-02-20	PROTOCOL	1233/37-CTE-TA	\N	f	TO_TA	19	f			\N		\N	\N	\N	MANUFACTURED		2026-02-08 14:03:53.326806+00	2026-02-08 15:50:47.124163+00	\N	\N	\N	\N	0	\N	\N	\N	\N	2026-02-08 15:50:47.122828+00	\N	t	COMPLETED	1			\N	0		f	\N	\N
26	25	260207_25_4124_rsfdf_CTE	2026-02-07	1	1	2026-01-15	3	4124	rffwer	2	CTE	Термический анализ	10	2026-02-07		rsfdf			260207_rsfdf		efewf		2026-02-20	PROTOCOL		\N	f		19	f			18		\N	\N	\N	DRAFT_READY		2026-02-07 13:08:53.683485+00	2026-02-07 23:24:04.527572+00	20	2026-02-07 13:09:09.23553+00	\N	\N	0	\N	\N	\N	2026-02-07 23:24:00.266216+00	2018-02-20 21:00:00+00	2026-02-07 21:00:00+00	t	COMPLETED	1			\N	0		f	\N	\N
46	45	260209_45_646235_wre32r_HRC	2026-02-09	2	2	2026-01-20	3	646235	ацуа	2	HRC	Испытание на твёрдость	10	2026-02-09		wre32r			260209_wre32r		wefef		2026-02-24	PROTOCOL	646235/45-HRC-TA	\N	f	TO_TA	19	f			18		\N	\N	\N	DRAFT_READY		2026-02-09 16:56:51.532846+00	2026-02-09 16:58:18.029644+00	20	2026-02-09 16:57:29.565869+00	\N	\N	0	\N	\N	\N	2026-02-09 16:58:14.480411+00	2026-02-09 16:57:45.446749+00	2026-02-09 16:58:18.028338+00	t	COMPLETED	1			\N	0		f	\N	\N
48	47	260209_47_de23_32re_CTE_RTD	2026-02-09	2	2	2026-01-20	1	de23	e2	2	CTE	Термический анализ	10	2026-02-09		32re		RTD			e32rf		2026-02-24	PROTOCOL	de23/47-CTE-MI	\N	f		19	f			\N		\N	\N	\N	REGISTERED		2026-02-09 17:43:06.709845+00	2026-02-09 17:43:29.034789+00	20	2026-02-09 17:43:29.03279+00	\N	\N	0	\N	\N	\N	\N	\N	\N	f	\N	3			\N	0		f	\N	\N
3	3	260202_3_646235_fedfd_CTE_RTD	2026-02-02	2	3	2026-02-02	1	646235	e3r5	2	CTE	Термический анализ	3	2026-02-02	gdf	fedfd		RTD			erre		2026-02-05	PROTOCOL	646235/3-CTE-MI	\N	f		3	f			\N		\N	\N	\N	COMPLETED		2026-02-02 14:19:26.179603+00	2026-02-02 20:34:54.908533+00	\N	\N	\N	\N	0	\N	\N	\N	\N	\N	\N	f	\N	1			\N	0		f	\N	\N
1	1	260202_1_32rr_4_fedfd_TEN	2026-02-02	2	2	2026-02-02	3	32rr_4	уцу	2	TEN	Растяжение	3	2026-02-19	керке	fedfd	90	RTD		qwd	qwdqwd ыфавца		2026-02-25	PROTOCOL	32rr_4/1-TEN-ТА	\N	f		6	f			18		\N	\N	\N	DRAFT_READY		2026-01-30 17:11:57.789025+00	2026-02-08 09:38:37.29352+00	\N	\N	\N	\N	0	\N	\N	\N	\N	\N	2026-02-08 09:38:37.2859+00	f	\N	1			\N	0		f	\N	\N
50	49	260209_49_547_45_CTE_CTW	2026-02-09	2	2	2026-01-20	1	547	рн4н	2	CTE	Термический анализ	10	2026-02-10	не	45	0	CTW		ПКМ	модуль		2026-02-25	PROTOCOL	547/49-CTE-MI	\N	f		19	f			\N		\N	\N	\N	REGISTERED		2026-02-09 21:57:37.443598+00	2026-02-09 21:57:56.980364+00	20	2026-02-09 21:57:56.980364+00	\N	\N	0	\N	\N	\N	\N	\N	\N	f	\N	7		образцы на ДМА	\N	0		f	\N	\N
59	58	260215_58_646235_32fsdfe_TGA	2026-02-15	1	1	2026-01-15	3	646235	цкцук	2	TGA	Термогравиметрия	10	2026-02-15		32fsdfe	0	20С/мин	260215_32fsdfe	ПКМ	цукаав		2026-03-02	WITHOUT_REPORT		\N	f	TO_TA	20	f			\N	но нормально так испыталось	2026-02-15	\N	\N	COMPLETED		2026-02-15 19:22:04.920087+00	2026-02-15 19:27:32.396592+00	19	2026-02-15 19:22:21.147978+00	22	2026-02-15 19:27:23.307227+00	0	2026-02-15 19:24:46.093787+00	2026-02-15 19:25:09.448705+00	\N	2026-02-15 19:25:12.825492+00	2026-02-15 19:23:00+00	2026-02-15 19:25:00+00	t	COMPLETED	3	посушить		2026-02-24	1		f	\N	\N
63	62	260215_62_646_fedfd_TGA_ETW	2026-02-15	2	2	2026-01-20	1	646	апрар	2	TGA	Термогравиметрия	10	2026-02-16		fedfd	0	ETW	260215_fedfd	Пластик	авыа		2026-03-03	PROTOCOL	646/62-TGA-MI	\N	f	TO_CLIENT_DEPT	19	f			\N		\N	\N	\N	PENDING_VERIFICATION		2026-02-15 22:55:14.123484+00	2026-02-15 22:55:14.123484+00	\N	\N	\N	\N	0	\N	\N	\N	\N	\N	\N	t	IN_WORKSHOP	1	посушить		2026-03-03	0	посуши там	f	\N	\N
67	66	260216_66_646_fedfd_TGA	2026-02-16	2	2	2026-01-20	3	646	апрар	2	TGA	Термогравиметрия	10	2026-02-16	пластина бла-бла-бла	fedfd	0	апоа	260216_fedfd	аа	счис		2026-03-03	PROTOCOL	646/66-TGA-TA	\N	f	TO_TA	19	f			\N		\N	\N	\N	PENDING_VERIFICATION		2026-02-16 05:44:35.515535+00	2026-02-16 05:44:35.515535+00	\N	\N	\N	\N	0	\N	\N	\N	\N	\N	\N	t	IN_WORKSHOP	4	посушить	афы	2026-02-25	2	а хз нарезать как-нибудь	f	\N	\N
71	70	260216_70_32rr_4_fedfd_HRC	2026-02-16	2	2	2026-01-20	3	32rr_4	fhfsdfh	3	HRC	Испытание на твёрдость	10	2026-02-16		fedfd	0		260216_fedfd		sdg		2026-03-03	PROTOCOL	32rr_4/70-HRC-TA	\N	f	TO_CLIENT_DEPT	19	f			\N		\N	\N	\N	PENDING_VERIFICATION		2026-02-16 15:51:38.105789+00	2026-02-16 15:51:38.105789+00	\N	\N	\N	\N	0	\N	\N	\N	\N	\N	\N	t	IN_WORKSHOP	4			2026-03-03	2		f	\N	\N
52	51	260210_51_123_1111_TGA_RTD	2026-02-10	2	2	2026-01-20	1	123	432	2	TGA	Термогравиметрия	10	2026-02-10	ПКМ какой-то	1111	90	RTD	260210_1111	ПКМ	всякое	[16.02.2026 21:10] 🔓 Разморозка блока регистрации — Анна Павлова (CLIENT_MANAGER)	2026-02-25	PROTOCOL	123/51-TGA-MI	\N	t	TO_MI	19	f			\N		\N	\N	\N	MANUFACTURING		2026-02-10 06:54:02.489367+00	2026-02-16 18:10:26.388098+00	20	2026-02-10 06:54:14.551951+00	\N	\N	0	\N	\N	\N	\N	\N	\N	t	IN_WORKSHOP	4	посушить	ну там испытайте как-нибудь	\N	0		f	\N	\N
11	10	260204_10_87_765_HRC	2026-02-04	2	4	2026-02-02	1	87	bxbfd	2	HRC	Испытание на твёрдость	7	2026-02-04		765					jkn		2026-02-13	PROTOCOL	87/10-HRC-MI	\N	f		2	f			\N		\N	\N	\N	REGISTERED		2026-02-03 22:38:16.060845+00	2026-02-03 22:38:16.060845+00	\N	\N	\N	\N	0	\N	\N	\N	\N	\N	\N	f	\N	1			\N	0		f	\N	\N
12	11	260204_11_646_fthfrth_HRC_RTD	2026-02-04	3	\N	\N	1	646	23r23r	3	HRC	Испытание на твёрдость	7	2026-02-04		fthfrth		RTD			asdsd		2026-02-13	PROTOCOL	646/11-HRC-MI	\N	f		19	f			\N		\N	\N	\N	REGISTERED		2026-02-04 08:43:37.610054+00	2026-02-04 08:43:37.610054+00	\N	\N	\N	\N	0	\N	\N	\N	\N	\N	\N	f	\N	1			\N	0		f	\N	\N
2	2	260213_2_646_njk_HRC_RTD	2026-02-13	2	\N	2026-02-02	1	646	ergereg43 fsgа пкка	2	HRC	Испытание на твёрдость	3	2026-02-02		njk	0	RTD			вваыа		2026-02-05	PROTOCOL	646/2-HRC-MI-ZAM	\N	f		20	t			\N		\N	\N	\N	COMPLETED		2026-02-02 02:14:03.219613+00	2026-02-07 13:41:23.711101+00	\N	\N	\N	\N	0	\N	\N	\N	2026-02-05 00:00:00+00	\N	2026-02-04 21:00:00+00	f	\N	1			\N	0		f	\N	\N
75	72	260221_72_11_11	2026-02-21	2	2	2026-01-20	8	11	123	2			10	2026-02-21		11	0	как-то насытить	260221_11	Пластик	ну там что-то		2026-03-09	PROTOCOL	11/72--ACT	\N	f	TO_ACT	19	f			\N		2026-02-21	\N	\N	COMPLETED		2026-02-21 12:28:44.70385+00	2026-02-21 12:47:12.779028+00	20	2026-02-21 12:30:27.52198+00	22	2026-02-21 12:47:06.121837+00	0	\N	2026-02-21 12:45:59.303988+00	\N	2026-02-21 12:46:02.620348+00	2026-02-21 12:43:00+00	2026-02-21 12:46:00+00	t	COMPLETED	4			2026-03-03	2		f	\N	\N
41	40	260208_40_reger_reg_HRC	2026-02-08	2	2	2026-01-20	3	reger	regerg	2	HRC	Испытание на твёрдость	10	2026-02-08		reg			260208_reg		ergerg		2026-02-20	PROTOCOL	reger/40-HRC-TA	\N	f	TO_TA	20	f			18		\N	\N	\N	CANCELLED		2026-02-08 19:40:11.867334+00	2026-02-08 23:30:45.636353+00	19	2026-02-08 19:41:21.859617+00	\N	\N	0	\N	\N	2026-02-08 19:41:00+00	2026-02-08 23:10:00+00	2026-02-08 19:41:00+00	2026-02-08 23:10:00+00	t	CANCELLED	1			\N	0		f	\N	\N
33	32	260208_32_646235_34_HRC	2026-02-08	2	2	2026-01-20	3	646235	124	2	HRC	Испытание на твёрдость	10	2026-02-08		34					12412		2026-02-20	PROTOCOL	646235/32-HRC-TA	\N	f	TO_TA	20	f			\N		\N	\N	\N	REGISTERED		2026-02-08 13:33:51.480495+00	2026-02-08 13:44:24.999989+00	19	2026-02-08 13:44:24.99899+00	\N	\N	0	\N	\N	\N	\N	\N	\N	f	\N	1			\N	0		f	\N	\N
37	36	260208_36_65_4_TEN	2026-02-08	2	2	2026-01-20	3	65	grg5	3	TEN	Растяжение	10	2026-02-08		4					54h		2026-02-20	PROTOCOL	65/36-TEN-TA	\N	f	TO_TA	20	f			\N		\N	\N	\N	REGISTERED		2026-02-08 13:58:19.687598+00	2026-02-08 13:59:01.539901+00	19	2026-02-08 13:59:01.53786+00	\N	\N	0	\N	\N	\N	\N	\N	\N	f	\N	1			\N	0		f	\N	\N
60	59	260215_59_646235_ewfw_HRC	2026-02-15	2	2	2026-01-20	3	646235	sdgg	2	HRC	Испытание на твёрдость	10	2026-02-16		ewfw	0	50C	260215_ewfw	qwd	fnf		2026-03-03	PROTOCOL	646235/59-HRC-TA	\N	f	TO_TA	19	f			\N		2026-02-15	\N	\N	COMPLETED		2026-02-15 21:52:43.558428+00	2026-02-15 21:55:11.125602+00	20	2026-02-15 21:52:57.420067+00	22	2026-02-15 21:55:04.527039+00	0	\N	\N	\N	2026-02-15 21:54:04.234177+00	2026-02-15 21:53:00+00	2026-02-15 21:54:00+00	t	COMPLETED	5			2026-02-25	5	fghd	f	\N	\N
29	28	260207_28_646235_653_CTE	2026-02-07	2	2	2026-01-20	3	646235	55745	2	CTE	Термический анализ	10	2026-02-07		653			260207_653		прап		2026-02-20	PROTOCOL		\N	f	TO_CHA	19	t			\N		\N	\N	\N	DRAFT_READY		2026-02-07 13:38:10.759091+00	2026-02-07 14:10:00.004258+00	20	2026-02-07 13:38:29.030596+00	\N	\N	0	\N	2026-02-07 14:09:39.32142+00	2026-02-07 14:09:42.824486+00	2026-02-07 14:09:48.255555+00	\N	\N	t	IN_WORKSHOP	1			\N	0		f	\N	\N
45	44	260209_44_646235_fedfd_IMP	2026-02-09	2	2	2026-01-20	3	646235	афыа	2	IMP	Ударные испытания	10	2026-02-09		fedfd			260209_fedfd		qwerf		2026-02-24	PROTOCOL	646235/44-IMP-TA	\N	f	TO_TA	20	f			18		\N	\N	\N	DRAFT_READY		2026-02-09 07:12:51.494765+00	2026-02-09 07:15:54.211104+00	19	2026-02-09 07:13:11.811932+00	\N	\N	0	\N	\N	\N	2026-02-09 07:15:46.641814+00	2026-02-09 07:15:16.579088+00	2026-02-09 07:15:54.210092+00	t	COMPLETED	1			\N	0		f	\N	\N
53	52	260210_52_12_Cut_TEN_RTD	2026-02-10	2	2	2026-01-20	1	12	2цквыа	2	TEN	Растяжение	10	2026-02-10		Cut	0	RTD	260210_Cut	Пластик	всякая чушь		2026-02-25	NONE	12/52-TEN-MI	\N	f	TO_CLIENT_DEPT	19	f			\N		\N	\N	\N	COMPLETED		2026-02-10 18:32:19.984198+00	2026-02-10 18:49:03.052601+00	20	2026-02-10 18:32:48.677539+00	\N	\N	0	\N	\N	\N	\N	2026-02-10 18:40:00+00	\N	t	COMPLETED	4	поклеить	Наклеить накладки	2026-02-18	0		f	\N	\N
49	48	260209_48_123_dd_CTE_ETW80	2026-02-09	2	2	2026-01-20	1	123	456	2	CTE	Термический анализ	10	2026-02-10	ну что-то там	dd	90	ETW80		ПКМ	модуль		2026-02-25	PROTOCOL	123/48-CTE-MI	\N	f		19	f			\N		\N	\N	\N	REGISTERED		2026-02-09 21:23:04.206478+00	2026-02-09 21:23:16.508926+00	20	2026-02-09 21:23:16.508926+00	\N	\N	0	\N	\N	\N	\N	\N	\N	f	\N	5			\N	0		f	\N	\N
64	63	260215_63_646_Sample_TGA	2026-02-15	2	2	2026-01-20	1	646	апрар	2	TGA	Термогравиметрия	10	2026-02-16							ыдла		2026-03-03	PROTOCOL	646/63-TGA-MI	\N	f	TO_CLIENT_DEPT	19	f			\N		\N	\N	\N	PENDING_VERIFICATION		2026-02-15 22:55:52.428741+00	2026-02-15 22:55:52.428741+00	\N	\N	\N	\N	0	\N	\N	\N	\N	\N	\N	t	IN_WORKSHOP	5			2026-03-03	2	посуши там	f	\N	\N
27	26	260207_26_4124_fsdf_CTE	2026-02-07	2	\N	\N	3	4124	rffwer	2	CTE	Термический анализ	10	2026-02-07		fsdf			260207_fsdf		фывфы		2026-02-20	PROTOCOL	4124/26-CTE-TA	\N	f		19	f			18		\N	\N	\N	DRAFT_READY		2026-02-07 13:18:13.610276+00	2026-02-15 17:52:01.560679+00	20	2026-02-07 13:18:49.773046+00	\N	\N	0	\N	\N	\N	2026-02-08 08:56:23.56649+00	\N	2026-02-08 20:56:30.614178+00	t	IN_WORKSHOP	1			2026-02-16	0		f	\N	\N
31	30	260207_30_23_32r_TEN	2026-02-07	2	\N	\N	3	23	efew	2	TEN	Растяжение	10	2026-02-08		32r					r23rff		2026-02-20	PROTOCOL	23/30-TEN-TA	\N	f	TO_TA	19	f			\N		\N	\N	\N	CANCELLED		2026-02-07 23:25:04.72377+00	2026-02-08 23:27:10.114804+00	20	2026-02-07 23:26:11.911773+00	\N	\N	0	\N	\N	\N	\N	\N	\N	f	\N	1			\N	0		f	\N	\N
85	82	260222_82_11_hgj_Wear	2026-02-22	2	2	2026-01-20	8	11	123	2	Wear	Влагонасщение	10	2026-02-22		hgj	0		260222_hgj		33		2026-03-09	PROTOCOL	11/82-Wear-ACT	\N	f	TO_ACT	19	f			32		\N	\N	\N	MANUFACTURING		2026-02-22 05:27:52.361314+00	2026-02-22 09:18:35.346762+00	20	2026-02-22 05:28:17.238639+00	\N	\N	0	\N	\N	\N	\N	\N	\N	t	IN_WORKSHOP	1			2026-03-03	0		f	\N	4
68	67	260216_67_646_fedfd_TGA	2026-02-16	2	2	2026-01-20	3	646	апрар	2	TGA	Термогравиметрия	10	2026-02-16	пластина бла-бла-бла	fedfd	0	апоа	260216_fedfd	аа	счис		2026-03-03	PROTOCOL	646/67-TGA-TA	\N	f	TO_TA	19	f			\N		\N	\N	\N	PENDING_VERIFICATION		2026-02-16 05:44:42.413759+00	2026-02-16 05:44:42.413759+00	\N	\N	\N	\N	0	\N	\N	\N	\N	\N	\N	t	IN_WORKSHOP	4	посушить	афы	2026-02-25	2	а хз нарезать как-нибудь	f	\N	\N
83	80	260221_80_32rr_4_fedfd_Wear	2026-02-21	2	2	2026-01-20	8	32rr_4	ккк	2	Wear	Влагонасщение	10	2026-02-21		fedfd	0		260221_fedfd		вав		2026-03-09	PROTOCOL	32rr_4/80-Wear-ACT	\N	f	TO_ACT	19	f			31		\N	\N	\N	DRAFT_READY		2026-02-21 19:09:47.182014+00	2026-02-22 11:02:44.063748+00	20	2026-02-21 19:11:54.724546+00	\N	\N	0	\N	\N	\N	2026-02-21 19:14:00+00	2026-02-21 19:12:29.310819+00	2026-02-22 11:02:44.062589+00	t	COMPLETED	3			2026-02-11	2		f	\N	1
56	55	260214_55_afajfk_sdfsdf_TGA	2026-02-14	2	2	2026-01-20	3	afajfk	qwdqwdq	2	TGA	Термогравиметрия	10	2026-02-15		sdfsdf	ef	qwd	260214_sdfsdf	qw	wefweq	[20.02.2026 10:07] 🔓 Разморозка блока регистрации — Анна Павлова (CLIENT_MANAGER)	2026-03-02	PROTOCOL	afajfk/55-TGA-TA	\N	f	TO_TA	19	f			\N		\N	\N	\N	MANUFACTURED		2026-02-14 21:53:39.576074+00	2026-02-20 07:07:31.355864+00	20	2026-02-14 21:53:55.13279+00	\N	\N	0	\N	\N	\N	\N	2026-02-14 21:55:07.476685+00	\N	t	COMPLETED	4	qwd		2026-02-24	2		f	\N	\N
9	8	260203_8_543_4545634_TGA	2026-02-03	1	\N	2026-02-03	7	543	4fdgdfg	2	TGA	Термогравиметрия	3	2026-02-03		4545634					i6ruytf		2026-02-06	PROTOCOL	543/8-TGA-ChA	\N	f		3	t			3		\N	\N	\N	TESTED		2026-02-01 21:19:23.350133+00	2026-02-07 13:42:16.065131+00	\N	\N	\N	\N	0	\N	\N	\N	2026-02-13 00:00:00+00	\N	2026-02-08 21:00:00+00	f	\N	1			\N	0		f	\N	\N
20	19	260205_19_646235_sdf_TGA	2026-02-05	3	4	2026-01-25	1	646235	sdf	3	TGA	Термогравиметрия	10	2026-02-05		sdf					sdgfsdg		2026-02-19	PROTOCOL	646235/19-TGA-MI	\N	f		2	f			12		2026-02-05	\N	\N	PROTOCOL_ISSUED		2026-02-05 07:33:37.124452+00	2026-02-05 21:16:17.914489+00	19	2026-02-05 10:34:23.048281+00	22	2026-02-05 21:16:17.912491+00	0	\N	\N	\N	\N	\N	2026-02-08 21:00:00+00	f	\N	1			\N	0		f	\N	\N
6	5	260202_5_646235_352_HRC	2026-02-02	1	4	2026-02-02	1	646235	ацува	2	HRC	Испытание на твёрдость	2	2026-02-02		352					32		2026-02-04	PROTOCOL	646235/5-HRC-MI	\N	f		7	f		Готово	7		\N	\N	\N	REGISTERED		2026-02-02 05:41:12.858261+00	2026-02-03 09:17:36.116494+00	\N	\N	\N	\N	0	\N	\N	\N	2026-02-06 00:00:00+00	\N	2026-02-04 21:00:00+00	f	\N	1			\N	0		f	\N	\N
80	77	260221_77_353_123_Wear	2026-02-21	2	2	2026-01-20	8	353	вапвапв	2	Wear	Влагонасщение	10	2026-02-21		123					35		2026-03-09	PROTOCOL	353/77-Wear-ACT	\N	f		19	f			\N		\N	\N	\N	PENDING_VERIFICATION		2026-02-21 14:45:31.235426+00	2026-02-21 15:17:16.50963+00	\N	\N	\N	\N	0	\N	\N	\N	\N	\N	\N	f	\N	4			\N	1		f	\N	\N
81	78	260221_78_646_321_Wear	2026-02-21	2	2	2026-01-20	8	646	щшрщшрщ	2	Wear	Влагонасщение	10	2026-02-21		321			260221_321		рпрр		2026-03-09	PROTOCOL	646/78-Wear-ACT	\N	f	TO_ACT	19	f			31		2026-02-22	\N	\N	TESTED		2026-02-21 16:51:28.269892+00	2026-02-22 11:28:13.031129+00	20	2026-02-21 16:53:36.21482+00	31	2026-02-22 10:19:54.041548+00	0	2026-02-22 11:11:11.802611+00	2026-02-22 11:11:15.23269+00	2026-02-22 11:11:35.473779+00	2026-02-22 11:28:13.030071+00	2026-02-21 16:54:31.522432+00	2026-02-22 11:09:23.243679+00	t	COMPLETED	4			2026-02-12	0		f	\N	6
22	21	260205_21_646235_55_CTE_RTD	2026-02-05	2	2	2026-01-20	1	646235	sdf	2	CTE	Термический анализ	10	2026-02-06		55		RTD			qwfqw		2026-02-20	NONE	646235/21-CTE-MI	\N	f		2	f			\N		\N	\N	\N	REGISTERED		2026-02-05 01:28:30.862246+00	2026-02-08 13:44:18.6823+00	19	2026-02-08 13:44:18.679754+00	\N	\N	0	\N	\N	\N	\N	\N	\N	f	\N	1			\N	0		f	\N	\N
34	33	260208_33_646235_45_TEN	2026-02-08	2	\N	\N	3	646235	124	2	TEN	Растяжение	10	2026-02-08		45					уе6к44		2026-02-20	PROTOCOL	646235/33-TEN-TA	\N	f	TO_TA	20	f			\N		\N	\N	\N	REGISTERED		2026-02-08 13:38:42.072798+00	2026-02-08 13:44:34.351883+00	19	2026-02-08 13:44:34.349321+00	\N	\N	0	\N	\N	\N	\N	\N	\N	f	\N	1			\N	0		f	\N	\N
42	41	260208_41_646235_fthfrth_CTE	2026-02-08	2	2	2026-01-20	3	646235	dsfdf3	2	CTE	Термический анализ	10	2026-02-08		fthfrth			260208_fthfrth		efwwer		2026-02-20	PROTOCOL	646235/41-CTE-TA	\N	f	TO_TA	19	f			18		2026-02-08	\N	\N	PROTOCOL_ISSUED		2026-02-08 20:44:23.671202+00	2026-02-08 23:29:04.117844+00	20	2026-02-08 20:45:15.538352+00	11	2026-02-08 23:29:04.116819+00	0	2026-02-08 20:47:25.303576+00	2026-02-08 20:47:28.517596+00	\N	2026-02-08 20:48:51.138582+00	2026-02-08 20:47:02.927455+00	2026-02-08 23:09:33.210459+00	t	COMPLETED	1			\N	0		f	\N	\N
8	7	260203_7_543_346fg_TGA	2026-02-03	1	3	2026-02-03	7	543	4fdgdfg	3	TGA	Термогравиметрия	3	2026-02-03		346fg					gdfvdf		2026-02-06	PROTOCOL	543/7-TGA-ChA	\N	f		3	f			\N		\N	\N	\N	REGISTERED		2026-02-02 21:18:27.12666+00	2026-02-03 11:34:18.317113+00	\N	\N	\N	\N	0	\N	\N	\N	\N	\N	\N	f	\N	1			\N	0		f	\N	\N
24	23	260205_23_646235_dh_TEN	2026-02-05	2	2	2026-01-20	1	646235	sdf	2	TEN	Растяжение	10	2026-02-06		dh					fgn		2026-02-20	NONE	646235/23-TEN-MI	\N	f		2	t	646235/23-TEN-MI-ЗАМ		\N		\N	\N	\N	REPLACEMENT_PROTOCOL		2026-02-05 10:56:34.793405+00	2026-02-07 13:42:42.079843+00	19	2026-02-06 13:45:21.813947+00	\N	\N	0	\N	\N	\N	\N	\N	\N	f	\N	1			\N	0		f	\N	\N
57	56	260215_56_646235_sdg_HRC	2026-02-15	1	1	2026-01-15	9	646235	аывп	2	HRC	Испытание на твёрдость	10	2026-02-15		sdg	0			Пластик	кпукы		2026-03-02	NONE	646235/56-HRC-WORKSHOP	\N	f	TO_CLIENT_DEPT	20	f			\N		\N	\N	\N	REGISTERED		2026-02-15 06:50:20.126964+00	2026-02-15 11:24:16.157021+00	19	2026-02-15 11:24:16.155515+00	\N	\N	0	\N	\N	\N	\N	\N	\N	f	\N	3			\N	3		f	\N	\N
16	15	260204_15_23_21_HRC_RTD	2026-02-04	1	1	2026-01-15	1	23	уацука	3	HRC	Испытание на твёрдость	10	2026-02-04		21		RTD			ыфолартфышщд	ОТКЛОНЕНО: все хуйня	2026-02-18	PROTOCOL	23/15-HRC-MI	\N	f		21	f			\N		2026-02-04	2026-02-08	\N	COMPLETED		2026-02-02 19:28:53.881244+00	2026-02-04 23:50:04.382787+00	19	2026-02-03 01:30:24.185703+00	22	2026-02-04 23:50:04.379699+00	0	\N	\N	\N	\N	\N	\N	f	\N	1			\N	0		f	\N	\N
25	24	260206_24_235_fss_HRC	2026-02-06	2	2	2026-01-20	3	235	ddf	2	HRC	Испытание на твёрдость	10	2026-02-07		fss					r2f		2026-02-20	REPORT		\N	f		19	f			18		\N	\N	\N	DRAFT_READY		2026-02-06 14:41:36.540504+00	2026-02-08 09:10:37.222628+00	20	2026-02-06 17:42:03.493723+00	\N	\N	0	2026-02-06 20:42:18.440785+00	2026-02-06 23:42:23.588613+00	2026-02-06 23:44:18.17275+00	2026-02-06 23:44:27.578978+00	\N	2026-02-08 09:10:37.221579+00	f	\N	1			\N	0		f	\N	\N
61	60	260215_60_646_fedfd_CTE_gdsg	2026-02-15	1	1	2026-01-15	1	646	апрар	2	CTE	Термический анализ	10	2026-02-16		fedfd	90	gdsg	260215_fedfd	0	32авы		2026-03-03	PROTOCOL	646/60-CTE-MI	\N	f	TO_MI	19	f			\N		\N	\N	\N	PENDING_VERIFICATION		2026-02-15 22:37:24.437631+00	2026-02-15 22:37:24.437631+00	\N	\N	\N	\N	0	\N	\N	\N	\N	\N	\N	t	IN_WORKSHOP	4	ыва		2026-02-25	1	ыыы	f	\N	\N
23	22	260205_22_646235_hdh_HRC_rtd	2026-02-05	3	4	2026-01-25	1	646235	sdf	3	HRC	Испытание на твёрдость	10	2026-02-06		hdh		rtd			fgjfg		2026-02-20	NONE	646235/22-HRC-MI	\N	f		2	f			\N		\N	\N	\N	PENDING_VERIFICATION		2026-02-05 19:53:57.497466+00	2026-02-05 22:56:00.428171+00	\N	\N	\N	\N	0	\N	\N	\N	\N	\N	\N	f	\N	1			\N	0		f	\N	\N
15	14	260204_14_23_43_TEN_ETD	2026-02-04	2	\N	\N	1	23	авпыап	2	TEN	Растяжение	10	2026-02-04		43		ETD			кпык	ОТКЛОНЕНО: нет договора\r\n\r\n--- ОТКЛОНЕНО 04.02.2026 19:26 ---\r\nПроверяющий: Анна Павлова\r\nПричина: 123	2026-02-18	PROTOCOL	23/14-TEN-MI	\N	f		21	f			\N		\N	\N	\N	DRAFT_READY		2026-02-04 07:23:56.840706+00	2026-02-06 07:47:22.029734+00	19	2026-02-04 16:26:53.163469+00	\N	\N	0	\N	\N	\N	\N	\N	\N	f	\N	1			\N	0		f	\N	\N
13	12	260204_12_32rr_4_fthfrth_CTE	2026-02-04	2	2	2026-01-20	1	32rr_4	лнлопро	2	CTE	Термический анализ	10	2026-02-04		fthfrth	0				неоено		2026-02-18	PROTOCOL	32rr_4/12-CTE-MI	\N	f		19	f			\N		\N	\N	\N	CONDITIONING		2026-02-04 09:10:27.207071+00	2026-02-07 22:54:37.838169+00	\N	\N	\N	\N	0	2026-02-07 22:54:37.83717+00	\N	\N	\N	\N	\N	f	\N	1			\N	0		f	\N	\N
14	13	260204_13_345345ssd_fedfd1_HRC_RTD	2026-02-04	1	1	2026-01-15	1	345345ssd	edsfsdf4t4rdf	2	HRC	Испытание на твёрдость	10	2026-02-04		fedfd1		RTD			dkngs;ldkgs		2026-02-18	PROTOCOL	345345ssd/13-HRC-MI	\N	f		19	f			\N		\N	\N	\N	DRAFT_READY		2026-02-04 12:48:00.326829+00	2026-02-07 22:55:48.18142+00	21	2026-02-04 19:22:56.585614+00	\N	\N	0	\N	\N	\N	2026-02-07 22:55:27.815916+00	\N	\N	f	\N	1			\N	0		f	\N	\N
5	4	260202_4_32rr_4_7t78_HRC	2026-02-02	2	3	2026-02-02	3	32rr_4	йуйцу	2	HRC	Испытание на твёрдость	5	2026-02-02		7t78		RTD			5435		2026-02-09	PROTOCOL	32rr_4/4-HRC-TA	\N	f		2	f			18		\N	\N	\N	DRAFT_READY		2026-02-02 05:38:27.512545+00	2026-02-08 09:21:55.953129+00	\N	\N	\N	\N	0	\N	\N	\N	\N	\N	2026-02-08 09:21:30.89333+00	f	\N	1			\N	0		f	\N	\N
10	9	260203_9_vvn_gnsdkgl_TGA	2026-02-03	1	2	2026-02-12	1	vvn	kbnzkd	3	TGA	Термогравиметрия	5	2026-02-02		gnsdkgl					растяжение		2026-02-09	PROTOCOL	vvn/9-TGA-MI	\N	f		7	f			2		\N	\N	\N	TESTED		2026-02-03 10:37:25.401244+00	2026-02-03 13:39:43.354253+00	\N	\N	\N	\N	0	\N	\N	\N	2026-02-11 00:00:00+00	\N	2026-02-04 21:00:00+00	f	\N	1			\N	0		f	\N	\N
21	20	260205_20_wr_rr_CTE	2026-02-05	2	2	2026-01-20	1	wr	r3r23	2	CTE	Термический анализ	10	2026-02-06		rr					rerfef		2026-02-20	PROTOCOL	wr/20-CTE-MI	\N	f		19	f			12		2026-02-05	\N	\N	PROTOCOL_ISSUED		2026-02-05 09:12:38.317727+00	2026-02-05 21:15:24.80822+00	2	2026-02-05 12:12:55.293809+00	2	2026-02-05 21:15:24.806715+00	0	\N	\N	\N	2026-02-08 00:00:00+00	\N	2026-02-17 21:00:00+00	f	\N	1			\N	0		f	\N	\N
19	18	260205_18_few4_njk_HRC_ETW	2026-02-05	3	4	2026-01-25	1	few4	dfsvscv	2	HRC	Испытание на твёрдость	10	2026-02-05		njk		ETW			ewfwsf		2026-02-19	PROTOCOL	few4/18-HRC-MI	\N	f		19	t	few4/18-HRC-MI-ЗАМ		\N		2026-02-05	\N	\N	COMPLETED		2026-02-03 05:42:39.277331+00	2026-02-05 22:27:38.508671+00	2	2026-02-03 08:43:00.451094+00	22	2026-02-05 19:27:19.607064+00	0	\N	\N	\N	2026-02-08 00:00:00+00	\N	2026-02-08 21:00:00+00	f	\N	1			\N	0		f	\N	\N
18	17	260205_17_few4_324_HRC_ET80W	2026-02-05	1	1	2026-01-15	1	few4	dfsvscv	2	HRC	Испытание на твёрдость	10	2026-02-05		324		ET80W			dwfsa		2026-02-19	PROTOCOL	few4/17-HRC-MI	\N	f		19	f			14		\N	\N	\N	TESTED		2026-02-04 23:30:43.900931+00	2026-02-06 22:43:27.616684+00	2	2026-02-05 02:38:09.684779+00	\N	\N	0	\N	\N	\N	2026-02-06 22:43:27.616684+00	\N	2026-02-12 21:00:00+00	f	\N	1			\N	0		f	\N	\N
65	64	260215_64_646_fedfd_TGA_RTD	2026-02-15	2	2	2026-01-20	1	646	апрар	2	TGA	Термогравиметрия	10	2026-02-16		fedfd	0	RTD			квп		2026-03-03	PROTOCOL	646/64-TGA-MI	\N	f		19	f			\N		\N	\N	\N	PENDING_VERIFICATION		2026-02-15 22:58:06.582042+00	2026-02-15 22:58:06.582042+00	\N	\N	\N	\N	0	\N	\N	\N	\N	\N	\N	f	\N	1			\N	0	посуши там	f	\N	\N
17	16	260204_16_646235_21_TEN_ET80W	2026-02-04	1	1	2026-01-15	1	646235	dssdvss	3	TEN	Растяжение	10	2026-02-05		21		ET80W			sdvsd		2026-02-19	PROTOCOL	646235/16-TEN-MI	\N	f		21	t			2		\N	\N	\N	TESTED		2026-02-03 22:43:03.070497+00	2026-02-06 23:48:51.956533+00	19	2026-02-04 01:44:14.875094+00	\N	\N	0	\N	\N	\N	2026-02-06 23:48:51.95553+00	\N	2026-02-05 21:00:00+00	f	\N	1			\N	0		f	\N	\N
69	68	260216_68_123_fedfd_TGA	2026-02-16	2	2	2026-01-20	3	123	456	2	TGA	Термогравиметрия	10	2026-02-16		fedfd	0	20С/мин		ПКМ	что-то там		2026-03-03	PROTOCOL	123/68-TGA-TA	\N	f		19	f			\N		\N	\N	\N	PENDING_VERIFICATION		2026-02-16 15:48:16.744966+00	2026-02-16 15:48:16.744966+00	\N	\N	\N	\N	0	\N	\N	\N	\N	\N	\N	f	\N	5			\N	2		f	\N	\N
86	83	260222_83_11_hgj_TGA	2026-02-22	2	2	2026-01-20	3	11	123	2	TGA	Термогравиметрия	10	2026-02-22		hgj	0				33	[23.02.2026 12:20] 🔓 Разморозка блока регистрации — Анна Павлова (CLIENT_MANAGER)	2026-03-09	PROTOCOL	11/83-TGA-TA	\N	f		19	f			\N		\N	\N	\N	MOISTURE_CONDITIONING		2026-02-22 05:28:05.555933+00	2026-02-23 09:20:53.574493+00	20	2026-02-22 05:28:22.974454+00	\N	\N	0	\N	\N	\N	\N	\N	\N	f	\N	1			\N	0		t	85	\N
7	6	260202_6_646235_4893hfwfkw_HRC_ET80W	2026-02-02	2	\N	2026-02-03	1	646235	цук3у	1	HRC	Испытание на твёрдость	4	2026-02-03		4893hfwfkw		ET80W			afaf		2026-02-09	PROTOCOL	646235/6-HRC-MI	\N	f		4	f			11		2026-02-12	\N	\N	COMPLETED		2026-02-02 10:05:51.806807+00	2026-02-12 07:12:30.288027+00	\N	\N	11	2026-02-12 07:11:46.674769+00	0	\N	\N	\N	\N	\N	2026-02-12 07:08:00+00	f	\N	1			\N	0		f	\N	\N
28	27	260207_27_646235_fthfrth_HRC	2026-02-07	3	4	2026-01-25	3	646235	фаы	2	HRC	Испытание на твёрдость	10	2026-02-07		fthfrth			260207_fthfrth		wefwef		2026-02-20	PROTOCOL		\N	f	TO_TA	20	f			18		\N	\N	\N	DRAFT_READY		2026-02-07 13:23:52.994279+00	2026-02-08 09:41:07.994736+00	19	2026-02-07 13:24:05.038421+00	\N	\N	0	2026-02-07 23:11:04.947062+00	2026-02-07 23:14:09.191797+00	2026-02-07 23:14:19.73881+00	2026-02-07 23:14:30.421992+00	2026-02-07 23:09:28.102081+00	2026-02-08 09:41:07.993734+00	t	COMPLETED	1			\N	0		f	\N	\N
35	34	260208_34_646235_fedfd_CTE	2026-02-08	1	1	2026-01-15	3	646235	21у12	2	CTE	Термический анализ	10	2026-02-08		fedfd					у12у		2026-02-20	PROTOCOL	646235/34-CTE-TA	\N	f	TO_TA	19	f			\N		\N	\N	\N	REGISTERED		2026-02-08 13:48:42.03421+00	2026-02-08 13:53:31.308261+00	20	2026-02-08 13:53:31.306756+00	\N	\N	0	\N	\N	\N	\N	\N	\N	f	\N	1			\N	0		f	\N	\N
30	29	260207_29_646_qwdqw_HRC	2026-02-07	2	2	2026-01-20	3	646	wqd	2	HRC	Испытание на твёрдость	10	2026-02-08		qwdqw			260207_qwdqw		qwdq		2026-02-20	PROTOCOL		\N	f	TO_MI	19	f			18		\N	\N	\N	DRAFT_READY		2026-02-07 22:52:03.808983+00	2026-02-08 10:03:45.474736+00	20	2026-02-07 22:52:19.493096+00	\N	\N	0	\N	\N	\N	2026-02-08 10:03:33.061269+00	2026-02-07 23:23:00.281255+00	2026-02-08 10:03:45.473728+00	t	COMPLETED	1			\N	0		f	\N	\N
39	38	260208_38_63_45_CTE	2026-02-08	2	2	2026-01-20	3	63	43	2	CTE	Термический анализ	10	2026-02-08		45			260208_45		4t		2026-02-20	PROTOCOL	63/38-CTE-TA	\N	f	TO_MI	20	f			18		\N	\N	\N	DRAFT_READY		2026-02-08 15:04:11.70288+00	2026-02-08 15:28:38.48839+00	19	2026-02-08 15:05:03.652521+00	\N	\N	0	2026-02-08 15:28:28.175641+00	2026-02-08 15:28:31.024862+00	\N	2026-02-08 15:28:34.340474+00	2026-02-08 15:27:56.66141+00	2026-02-08 15:28:38.48839+00	t	COMPLETED	1			\N	0		f	\N	\N
43	42	260208_42_646235_12_TEN	2026-02-08	2	2	2026-01-20	3	646235	у12у	2	TEN	Растяжение	10	2026-02-09		12			260208_12		увцйв		2026-02-24	PROTOCOL	646235/42-TEN-TA	\N	f	TO_TA	20	f			\N		\N	\N	\N	CANCELLED		2026-02-08 23:11:16.335832+00	2026-02-08 23:17:21.370473+00	19	2026-02-08 23:11:52.074474+00	\N	\N	0	\N	\N	\N	\N	\N	\N	t	IN_WORKSHOP	1			\N	0		f	\N	\N
82	79	260221_79_646_1_TEN	2026-02-21	2	2	2026-01-20	1	646	щшрщшрщ	2	TEN	Растяжение	10	2026-02-21		1					рпрр		2026-03-09	PROTOCOL	646/79-TEN-MI	\N	f	TO_CLIENT_DEPT	19	f			\N		\N	\N	\N	TESTED		2026-02-21 16:52:03.750453+00	2026-02-21 16:56:51.101377+00	20	2026-02-21 16:53:40.834698+00	\N	\N	0	\N	\N	\N	2026-02-21 16:56:51.099872+00	\N	\N	f	IN_WORKSHOP	4			\N	0		t	81	\N
66	65	260216_65_646_fedfd_TGA	2026-02-16	2	2	2026-01-20	3	646	апрар	2	TGA	Термогравиметрия	10	2026-02-16		fedfd	0	апоа	260216_fedfd	аа	счис		2026-03-03	PROTOCOL	646/65-TGA-TA	\N	f	TO_TA	19	f			\N		\N	\N	\N	PENDING_VERIFICATION		2026-02-16 05:43:38.713839+00	2026-02-16 05:43:38.713839+00	\N	\N	\N	\N	0	\N	\N	\N	\N	\N	\N	t	IN_WORKSHOP	4			2026-02-25	2		f	\N	\N
70	69	260216_69_123_dsvsd_TGA	2026-02-16	2	2	2026-01-20	3	123	456	2	TGA	Термогравиметрия	10	2026-02-16		dsvsd	0	20С/мин		ПКМ	что-то там		2026-03-03	PROTOCOL	123/68-TGA-TA	\N	f		19	f			\N		\N	\N	\N	PENDING_VERIFICATION		2026-02-16 15:48:53.555062+00	2026-02-16 15:48:53.555062+00	\N	\N	\N	\N	0	\N	\N	\N	\N	\N	\N	f	\N	5			\N	2		f	\N	\N
51	50	260209_50_43_32_TEN_CTW	2026-02-09	2	2	2026-01-20	1	43	235	2	TEN	Растяжение	10	2026-02-10		32	0	CTW		Пластик	всякое		2026-02-25	PROTOCOL	43/50-TEN-MI	\N	f		20	f			\N		\N	\N	\N	REGISTERED		2026-02-09 21:59:26.979439+00	2026-02-09 21:59:39.360143+00	19	2026-02-09 21:59:39.360143+00	\N	\N	0	\N	\N	\N	\N	\N	\N	f	\N	2	посушить как-нибудь	ну там всякое	\N	0		f	\N	\N
84	81	260221_81_32rr_4_fedfd_TEN_RTW	2026-02-21	2	2	2026-01-20	1	32rr_4	ккк	2	TEN	Растяжение	10	2026-02-21		fedfd	0	RTW			вав		2026-03-09	PROTOCOL	32rr_4/81-TEN-MI	\N	f		19	f			\N		\N	\N	\N	MOISTURE_READY		2026-02-21 19:10:26.565075+00	2026-02-21 19:12:00.724932+00	20	2026-02-21 19:12:00.722931+00	\N	\N	0	\N	\N	\N	\N	\N	\N	f	\N	3			\N	2		t	83	\N
74	71	260219_71_11_1_TGA	2026-02-19	2	2	2026-01-20	3	11	111	2	TGA	Термогравиметрия	10	2026-02-19		1					11		2026-03-06	PROTOCOL	11/71-TGA-TA	\N	f		19	f			\N		\N	\N	\N	PENDING_VERIFICATION		2026-02-19 20:15:21.486948+00	2026-02-19 20:23:40.917107+00	\N	\N	\N	\N	0	\N	\N	\N	\N	\N	\N	f	\N	3			\N	1		f	\N	\N
47	46	260209_46_646235_3_TGA	2026-02-09	2	2	2026-01-20	3	646235	как	2	TGA	Термогравиметрия	10	2026-02-09		3					3к42ка		2026-02-24	PROTOCOL	646235/46-TGA-TA	\N	f		20	f			18		2026-02-12	\N	\N	PROTOCOL_ISSUED		2026-02-09 17:02:56.311701+00	2026-02-12 07:08:21.224951+00	19	2026-02-09 17:03:07.900429+00	11	2026-02-12 07:08:21.223804+00	0	\N	2026-02-09 17:03:39.276639+00	\N	2026-02-09 17:03:42.268311+00	\N	2026-02-09 17:03:45.631114+00	f	\N	1			\N	0		f	\N	\N
62	61	260215_61_646_dsfsdf_TGA_RTD	2026-02-15	2	2	2026-01-20	1	646	апрар	2	TGA	Термогравиметрия	10	2026-02-16		dsfsdf	0	RTD	260215_dsfsdf	qwd	gsdg		2026-03-03	WITHOUT_REPORT		\N	t	TO_CLIENT_DEPT	19	f			\N		\N	\N	\N	PENDING_VERIFICATION		2026-02-15 22:39:00.287797+00	2026-02-15 22:39:00.287797+00	\N	\N	\N	\N	0	\N	\N	\N	\N	\N	\N	t	IN_WORKSHOP	1			2026-03-03	0		f	\N	\N
54	53	260210_53_12_1111_TGA	2026-02-10	2	2	2026-01-20	1	12	2131	2	TGA	Термогравиметрия	10	2026-02-10		1111	0		260210_1111	Пластик	Нарезать	[16.02.2026 23:22] 🔓 Разморозка блока регистрации — Анна Павлова (CLIENT_MANAGER)	2026-02-25	NONE	12/53-TGA-MI	\N	f	TO_CLIENT_DEPT	20	f			\N		\N	\N	\N	MANUFACTURED		2026-02-10 19:07:08.597578+00	2026-02-16 20:22:20.255722+00	19	2026-02-10 19:07:38.917958+00	\N	\N	0	\N	\N	\N	\N	2026-02-10 19:07:57.426614+00	\N	t	COMPLETED	5	посушиьь	ну там сделайте что-нибудь	2026-02-14	0		f	\N	\N
58	57	260215_57_1234_sfdfsd_HRC	2026-02-15	2	2	2026-01-20	3	1234	аывп	2	HRC	Испытание на твёрдость	10	2026-02-15		sfdfsd	0	sdlgk	260215_sfdfsd	ПКМ	глпгг	[16.02.2026 21:26] 🔓 Разморозка блока регистрации — Анна Павлова (CLIENT_MANAGER)	2026-03-02	WITHOUT_REPORT		\N	t	TO_TA	20	f			\N		\N	\N	\N	CANCELLED		2026-02-15 11:13:02.477615+00	2026-02-16 20:31:33.326032+00	19	2026-02-15 11:24:21.829622+00	\N	\N	0	\N	\N	\N	\N	2026-02-15 11:28:07.135727+00	\N	t	CANCELLED	4	Посушить		2026-02-24	1		f	\N	\N
77	74	260221_74_21_1_Wear	2026-02-21	2	2	2026-01-20	8	21	123	3	Wear	Влагонасщение	10	2026-02-21		1		аиви			ава		2026-03-09	PROTOCOL	21/74-Wear-ACT	\N	f		20	f			32		\N	\N	\N	DRAFT_READY		2026-02-21 12:42:18.227993+00	2026-02-22 10:18:02.063193+00	19	2026-02-21 14:22:02.546892+00	\N	\N	0	2026-02-22 09:19:45.711765+00	2026-02-22 09:19:52.941887+00	2026-02-22 09:20:09.495945+00	2026-02-22 09:20:17.298008+00	\N	2026-02-22 10:18:02.060757+00	f	\N	1			\N	0		f	\N	\N
78	75	260221_75_11_fthfrth	2026-02-21	3	4	2026-01-25	8	11	123	2			50	2026-02-21		fthfrth	0	50/85			ы		2026-05-05	PROTOCOL	11/75--ACT	\N	f		19	f			32		\N	\N	\N	DRAFT_READY		2026-02-21 14:22:59.327338+00	2026-02-22 10:18:02.066928+00	20	2026-02-21 14:23:47.497594+00	\N	\N	0	\N	\N	\N	2026-02-21 14:24:26.413567+00	\N	2026-02-22 10:18:02.060757+00	f	\N	4			\N	1		f	\N	\N
87	84	260224_84_test_123_HRC_RTD	2026-02-24	1	1	2026-01-15	1	test	test_1	3	HRC	Испытание на твёрдость	10	2026-02-24		123		RTD	260224_123		прочность	ОТКЛОНЕНО: не указано срок изготовления	2026-03-10	PROTOCOL	test/84-HRC-MI	\N	f	TO_MI	19	f			\N		\N	\N	\N	PENDING_VERIFICATION		2026-02-24 08:24:46.647112+00	2026-02-24 08:27:32.136053+00	\N	\N	\N	\N	0	\N	\N	\N	\N	\N	\N	t	IN_WORKSHOP	4	посушить		2026-02-27	2		f	\N	2
88	85	260224_85_test_1234_HRC_RTD	2026-02-24	1	1	2026-01-15	1	test	test_1	3	HRC	Испытание на твёрдость	10	2026-02-24		1234		RTD	260224_1234		прочность		2026-03-10	PROTOCOL	test/85-HRC-MI	\N	f	TO_MI	19	t			13		2026-02-24	\N	\N	PROTOCOL_ISSUED		2026-02-24 08:25:14.798516+00	2026-02-24 08:32:05.483762+00	20	2026-02-24 08:27:01.101483+00	2	2026-02-24 08:31:55.67123+00	0	\N	\N	\N	2026-02-24 08:30:20.019188+00	2026-02-24 08:29:22.327566+00	2026-02-24 08:30:37.061051+00	t	COMPLETED	4	посушить		2026-03-04	2		f	\N	\N
76	73	260221_73_11_12_ETW80	2026-02-21	2	2	2026-01-20	1	11	123	2			10	2026-02-21		12	0	ETW80		Пластик	ну там что-то		2026-03-09	PROTOCOL	11/73--MI	\N	f		19	f			\N		\N	\N	\N	READY_FOR_TEST		2026-02-21 12:30:08.031898+00	2026-02-24 08:47:09.229283+00	20	2026-02-21 12:41:05.586662+00	\N	\N	0	\N	2026-02-24 08:47:09.221566+00	\N	\N	\N	\N	f	\N	4			\N	2		t	75	\N
79	76	260221_76_11_fthfrth_50/85	2026-02-21	3	4	2026-01-25	1	11	123	2			50	2026-02-21		fthfrth	0	50/85			ы	[21.02.2026 17:36] 🔓 Разморозка блока регистрации — Анна Павлова (CLIENT_MANAGER)	2026-05-05	PROTOCOL	11/76--MI	\N	f		19	f			\N		\N	\N	\N	READY_FOR_TEST		2026-02-21 14:23:22.309119+00	2026-02-24 08:47:09.243463+00	20	2026-02-21 14:23:51.852402+00	\N	\N	0	\N	2026-02-24 08:47:09.221566+00	\N	\N	\N	\N	f	\N	4			\N	1		t	78	\N
\.


--
-- Data for Name: standard_accreditation_areas; Type: TABLE DATA; Schema: public; Owner: -
--

COPY public.standard_accreditation_areas (id, standard_id, accreditation_area_id) FROM stdin;
1	1	2
2	2	2
3	3	3
5	5	2
11	5	3
12	2	3
14	3	2
15	5	1
16	4	1
17	2	1
18	1	1
19	3	1
20	4	2
21	6	2
22	6	3
\.


--
-- Data for Name: standard_laboratories; Type: TABLE DATA; Schema: public; Owner: -
--

COPY public.standard_laboratories (id, standard_id, laboratory_id) FROM stdin;
1	1	1
2	1	9
3	2	1
4	2	9
5	3	3
6	3	9
7	4	3
8	4	9
9	5	1
10	5	9
11	6	8
\.


--
-- Data for Name: standards; Type: TABLE DATA; Schema: public; Owner: -
--

COPY public.standards (id, code, name, is_active, test_code, test_type) FROM stdin;
5	ГОСТ 5678-90	Испытание на ударный изгиб	t	IMP	Ударные испытания
2	ГОСТ 2345-67	Определение твёрдости по Роквелу	t	HRC	Испытание на твёрдость
1	ГОСТ 1234-56	Определение предельной прочности при растяжении	t	TEN	Растяжение
3	ГОСТ 3456-78	Термогравиметрический анализ	t	TGA	Термогравиметрия
4	ГОСТ 4567-89	Определение коэффициента теплового расширения	t	CTE	Термический анализ
6	Гост 123	Влагонасщение	t	Wear	Влагонасщение
\.


--
-- Data for Name: time_log; Type: TABLE DATA; Schema: public; Owner: -
--

COPY public.time_log (id, employee_id, date, start_time, end_time, work_type, sample_id, notes) FROM stdin;
\.


--
-- Data for Name: user_additional_laboratories; Type: TABLE DATA; Schema: public; Owner: -
--

COPY public.user_additional_laboratories (id, user_id, laboratory_id) FROM stdin;
1	2	3
2	11	1
\.


--
-- Data for Name: user_permissions_override; Type: TABLE DATA; Schema: public; Owner: -
--

COPY public.user_permissions_override (id, user_id, journal_id, column_id, access_level, reason, granted_by_id, granted_at, valid_until, is_active) FROM stdin;
2	5	5	88	EDIT	арвар	1	2026-02-02 18:50:40.551483	\N	t
3	5	5	89	EDIT	арвар	1	2026-02-02 18:50:40.921973	\N	t
4	4	1	16	VIEW	fdfd	1	2026-02-02 21:13:05.608324	\N	t
5	4	1	27	VIEW	fdfd	1	2026-02-02 21:13:05.618262	\N	t
6	4	1	32	VIEW	fdfd	1	2026-02-02 21:13:05.632474	\N	t
7	4	1	33	VIEW	fdfd	1	2026-02-02 21:13:05.638273	\N	t
\.


--
-- Data for Name: users; Type: TABLE DATA; Schema: public; Owner: -
--

COPY public.users (id, username, password_hash, email, first_name, last_name, role, laboratory_id, is_active, is_staff, is_superuser, ui_preferences, last_login, created_at, updated_at, is_trainee, mentor_id) FROM stdin;
12	kuznetsova	pbkdf2_sha256$1200000$48CqicCnGHrgriTeS8X1VD$7qGTQA1cLLfE5XVQtRIpXe98tZlTUdPpKMc3O3kFt4Q=	kuznetsova@cisis.ru	Алёна	Кузнецова	TESTER	1	t	t	f	{}	2026-02-04 23:32:13.502091	2026-02-04 04:24:29.618974	2026-02-04 07:34:13.463953	f	\N
1	admin	pbkdf2_sha256$1200000$Up3U0Of2j02YoaMbTYC0rb$8RI/0hDoDSkUbuB/lCx6gNlVn5NDkQaMoBBqUpaIm8A=		Сис	Админ	SYSADMIN	\N	f	t	t	{}	2026-02-03 06:16:09.022389	2026-02-01 17:25:32.149487	2026-02-04 07:57:41.689662	f	\N
32	egorov	pbkdf2_sha256$1200000$GhMnLhXvHabqAB2PSmGvuE$bk8Bz+lIc9w/L9C8uWQqNbQ+Pm3Foju54/UWFwGNH8w=	egorov@cisis.ru	Павел	Егоров	TESTER	8	t	t	f	{}	2026-02-22 09:18:01.591876	2026-02-04 07:34:15.510362	2026-02-04 07:34:15.510362	f	\N
8	ceo	pbkdf2_sha256$1200000$fb8kb1EZkFI6YgpuTjwxbR$LyyR1ttnRQ8XPRzA+fXio4lbdOeMzsHa7LOk0UX/aFg=	volkov@cisis.ru	Александр	Волков	CEO	\N	t	t	f	{}	\N	2026-02-04 04:24:27.84948	2026-02-04 07:34:11.410813	f	\N
9	cto	pbkdf2_sha256$1200000$pknX02PC0J69o1eERdzjCL$sLRD+9Q4u6tnUxTrIhQCEkdh32K/9t2yWIFzOz6Exas=	novikov@cisis.ru	Михаил	Новиков	CTO	\N	t	t	f	{"journal_columns": {"SAMPLES": ["registration_date", "laboratory", "cipher", "standards", "test_type", "accreditation_area"]}}	2026-02-23 12:16:31.294053	2026-02-04 04:24:28.148046	2026-02-04 07:34:11.709806	f	\N
5	tester2	pbkdf2_sha256$1200000$wwIozKsyja2EQkmXu9h4NQ$HdnPKsXyhRuM2pNxYQcIPnJxDMlSKEWNc4rzhdRpttQ=		Дмитрий	Соколов	TESTER	7	f	t	f	{}	2026-02-03 10:43:01	2026-02-01 08:51:34.048495	2026-02-04 07:43:50.139597	f	\N
3	petrov_head	pbkdf2_sha256$1200000$zqxYjqAWniZ1piNw5Tv6Mm$RlkOnV3ESfT1sDv08fxo09g9nJRi4ZYywN8/DpN0CbQ=	petrov@cisis.ru	Пётр	Петров	LAB_HEAD	7	t	t	f	{}	\N	2026-02-01 05:51:33.466018	2026-02-04 07:34:12.589998	f	\N
11	sidorov_head	pbkdf2_sha256$1200000$TQ7Wvw6EoeD4o3TMmu1nDZ$U5/8c09ssZ/Rh0h42xrXV3k+F9DRgw0KaTj7birQYSY=	sidorov@cisis.ru	Сергей	Сидоров	LAB_HEAD	3	t	t	f	{}	2026-02-12 07:07:52.00857	2026-02-04 01:24:29.32817	2026-02-12 07:07:42.012244	f	\N
6	qms_head	pbkdf2_sha256$1200000$5z2O2S9qbCZw7GoDL9dLOE$jj5KvRb546DHLXBTCb3IccSx5KF05xDG1A6Kc7js6XM=	zaitsev@cisis.ru	Виктор	Зайцев	QMS_HEAD	\N	t	t	f	{}	2026-02-05 19:37:49.64497	2026-02-01 05:51:34.340436	2026-02-04 07:34:16.971562	f	\N
14	morozov	pbkdf2_sha256$1200000$ABZFZrp7YZQjEJXAG0bEjt$zL64ERmlnk7z+VbhFiaXrTF3UIsD7koFwJ1lZedwCDg=	morozov@cisis.ru	Игорь	Морозов	TESTER	1	t	t	f	{}	\N	2026-02-04 04:24:30.211195	2026-02-04 07:34:14.050056	f	\N
15	volkova	pbkdf2_sha256$1200000$wgXOiyfq7qNl9CrJAws2b4$o2nLccSAf6JeBRv73LvOWdlQWAT9/gveOdMfiURldM4=	volkova@cisis.ru	Елена	Волкова	TESTER	7	t	t	f	{}	\N	2026-02-04 04:24:30.502647	2026-02-04 07:34:14.341985	f	\N
16	lebedev	pbkdf2_sha256$1200000$YBsABuIgQJwwcJ29d0vHbc$FX7J4R26va2+w+Q+zjmmCYncb5aIbRwYCKO6KwQOpLc=	lebedev@cisis.ru	Андрей	Лебедев	TESTER	7	t	t	f	{}	\N	2026-02-04 04:24:30.800008	2026-02-04 07:34:14.634022	f	\N
17	smirnova	pbkdf2_sha256$1200000$Ob7B6w7uXvOdMOef58vtIU$WCVlHX7D5ajXvs49QF4MemKj+hZuG6meC8TkwuM3kGI=	smirnova@cisis.ru	Ольга	Смирнова	TESTER	3	t	t	f	{}	\N	2026-02-04 04:24:31.091389	2026-02-04 07:34:14.927016	f	\N
18	kozlov	pbkdf2_sha256$1200000$P1toEuRnRokmKLUvvkdW6L$pz4MNBK4fHVAfbdKL/9KeQ2qkdZMGwOcazXKG3Ii/GQ=	kozlov@cisis.ru	Максим	Козлов	TESTER	3	t	t	f	{"journal_columns": {"SAMPLES": ["registration_date", "cipher", "standard", "test_type", "accreditation_area", "deadline", "operators", "status"]}}	2026-02-22 05:29:26.405946	2026-02-04 04:24:31.383845	2026-02-04 07:34:15.219058	f	\N
33	kirillova	pbkdf2_sha256$1200000$3riILoTdDoliZNJd5uHXim$jazEiPB1eX/AGTm5wp7KKs1oknAx3/faSb+NnzHwVPQ=	kirillova@cisis.ru	Вероника	Кириллова	TESTER	8	t	t	f	{}	\N	2026-02-04 07:34:15.803209	2026-02-04 07:34:15.803209	f	\N
31	alexeev_head	pbkdf2_sha256$1200000$1q43tXs8xmKrkmROED2Fpv$9PzNMhmugvQ89Iev64j1D/+sJaLr5JLSTDgZOuM0nPI=	alexeev@cisis.ru	Николай	Алексеев	LAB_HEAD	8	t	t	f	{}	2026-02-22 10:18:52.502091	2026-02-04 07:34:13.17353	2026-02-04 07:34:13.17353	f	\N
24	workshop2	pbkdf2_sha256$1200000$28DYoYUgUl92OIlw9E4Sr0$XD2sBNc+PpyKTIJbnyLFo2qV2Yodw6hk5pnNbt3i4gQ=	romanov@cisis.ru	Владимир	Романов	WORKSHOP	9	t	t	f	{}	\N	2026-02-04 04:24:33.73597	2026-02-04 07:34:18.13514	f	\N
25	client_mgr1	pbkdf2_sha256$1200000$kIGjNsSM1gk5hNZKmdCVxx$rUSd0Svjudce4GhNpM0VLK76mjA8/nzHqqJNb8/g5C8=	nikitina@cisis.ru	Светлана	Никитина	CLIENT_MANAGER	\N	t	t	f	{}	\N	2026-02-04 04:24:34.025618	2026-02-04 07:34:18.426893	f	\N
26	client_mgr2	pbkdf2_sha256$1200000$UFs4S1heSaK5JlVYlUzaXY$oCcL9+w+y08DG1Kv2qECFujJckvRzgEkoWkdbWGJ/J0=	belova@cisis.ru	Юлия	Белова	CLIENT_MANAGER	\N	t	t	f	{}	\N	2026-02-04 04:24:34.323288	2026-02-04 07:34:18.725026	f	\N
27	contract1	pbkdf2_sha256$1200000$LwHXHwdAuXHcfO4Ideh2jq$KUu7iVqqFhQFafFV/iOnMJdHkylt/rRWZXAWoeFb8R0=	grigoriev@cisis.ru	Алексей	Григорьев	CONTRACT_SPEC	\N	t	t	f	{}	\N	2026-02-04 04:24:34.620063	2026-02-04 07:34:19.021972	f	\N
28	contract2	pbkdf2_sha256$1200000$FncZC7VLVi9yNf0vbbSTSV$cuYLP9UqzjN5zAe4VuC7zJHQ0HPDMDYr/uFxPGgsNcU=	timofeeva@cisis.ru	Ирина	Тимофеева	CONTRACT_SPEC	\N	t	t	f	{}	\N	2026-02-04 04:24:34.914918	2026-02-04 07:34:19.319972	f	\N
29	accountant1	pbkdf2_sha256$1200000$EJpCb9BN9sOOYNXseSMdOQ$eXp52MoYhzD3gKHhYXLy1h3rnCDiUGI6/AgJ7rGINgw=	makarova@cisis.ru	Людмила	Макарова	ACCOUNTANT	\N	t	t	f	{}	\N	2026-02-04 04:24:35.209175	2026-02-04 07:34:19.614994	f	\N
30	accountant2	pbkdf2_sha256$1200000$rVhju4M6HCWq7rVNOh23PD$fUb3VReY7xVl98i5JmcJS+PI4LzqTJzq6rhlti4YHfU=	stepanova@cisis.ru	Валентина	Степанова	ACCOUNTANT	\N	t	t	f	{}	\N	2026-02-04 04:24:35.498147	2026-02-04 07:34:19.906723	f	\N
4	tester1	pbkdf2_sha256$1200000$WteHvD0vAog1SM4HYImo31$KVR3lr6Lx2Mgw2Huc93/tJrCF1DkcosU13BSHyDI4Kg=		Алёна	Кузнецова	TESTER	1	f	t	f	{}	2026-02-04 03:49:58	2026-02-01 08:51:33.756919	2026-02-04 07:43:44.072238	f	\N
21	admin3	pbkdf2_sha256$1200000$7xBDRgbrhcmOIEFQByiN7v$9188RcB/xoO/v/RXbt1rKKBb55o7mzO/vboWPRgKvbE=	fedorova@cisis.ru	Татьяна	Федорова	CLIENT_MANAGER	\N	t	t	f	{}	2026-02-04 22:42:03.07353	2026-02-04 04:24:32.26761	2026-02-04 07:34:16.680391	f	\N
23	qms2	pbkdf2_sha256$1200000$5XNmSKeu5PwzYwvFznHkh9$kPGj8eQwV6+8hjuPEL7EvoNi80UnuE4e9UuWHSbgeoU=	vasilyeva@cisis.ru	Екатерина	Васильева	QMS_ADMIN	\N	t	t	f	{}	\N	2026-02-04 04:24:33.145251	2026-02-04 07:34:17.551496	f	\N
10	sysadmin	pbkdf2_sha256$1200000$aTUxy66J0CtdxmmAhq9Tdx$Z4sgPG2WWjFSYhH4aVSzHWpjrP9iT6N5ILwEcXv+iHs=	belov@cisis.ru	Дмитрий	Белов	SYSADMIN	\N	t	t	t	{}	2026-02-23 21:51:06.357195	2026-02-04 04:24:28.438855	2026-02-04 07:34:12.001041	f	\N
20	admin2	pbkdf2_sha256$1200000$lpenBGFKU55YSNlId64Y9q$vK2KI3gb1Shrydbr0TdAW5KIjhhpXt1YZzuYXra2ZbM=	egorova@cisis.ru	Мария	Егорова	CLIENT_MANAGER	\N	t	t	f	{}	2026-02-24 08:26:41.197123	2026-02-04 04:24:31.972985	2026-02-04 07:34:16.38748	f	\N
2	ivanov_head	pbkdf2_sha256$1200000$Kc1ZTBm3aVuDdf8wATwbZw$dNGsMdQ9qjY6obmyEgZvplT/BcputymfpFH50jR2S/c=	ivanov@cisis.ru	Иван	Иванов	LAB_HEAD	1	t	t	f	{}	2026-02-24 08:31:30.695762	2026-02-01 02:51:33.174515	2026-02-12 07:06:44.696465	f	\N
7	workshop1	pbkdf2_sha256$1200000$ijsXizEGYENcqw9F83F7kR$Bjgtrkl08NMtWWi2RBV2PBc5YkxrfnO1/k6ZEOiFDkc=	g.orlov@cisis.ru	Геннадий	Орлов	WORKSHOP	9	t	t	f	{}	2026-02-24 08:28:45.732205	2026-02-01 05:51:34.63335	2026-02-04 07:34:17.843991	f	\N
13	sokolov	pbkdf2_sha256$1200000$gZWG0hTTbU9Bt7y9IgJFek$R2eUCvvfRAt0Q7liyAtTzXbZoeUkP1eFsNhirKu59yI=	sokolov@cisis.ru	Дмитрий	Соколов	TESTER	1	t	t	f	{}	2026-02-24 08:29:48.450984	2026-02-04 04:24:29.91463	2026-02-04 07:34:13.758002	f	\N
22	qms1	pbkdf2_sha256$1200000$Err6r7u37swdasF3dit3rq$81MhgKM+XZl51ctKmFzD+WF4rT3UYfEtP0/0GDFWCKI=	orlova@cisis.ru	Наталья	Орлова	QMS_ADMIN	\N	t	t	f	{"journal_columns": {"SAMPLES": ["registration_date", "laboratory", "cipher", "client", "standard", "test_type", "pi_number", "operators", "workshop_status", "status"]}}	2026-02-21 12:46:38.34476	2026-02-04 04:24:32.856059	2026-02-04 07:34:17.261748	f	\N
19	admin1	pbkdf2_sha256$1200000$H1RBZS0OYjjqwvrPthi5bD$eWR406KyfaRLDggYU9Y6tRGJvi5mYeSa4fMzYeA0M/I=	pavlova@cisis.ru	Анна	Павлова	CLIENT_MANAGER	\N	t	t	f	{"journal_columns": {"SAMPLES": ["registration_date", "laboratory", "cipher", "client", "standards", "test_type", "deadline", "pi_number", "registered_by", "verified_by"]}, "repeat_sample_groups": ["basic", "doc", "testing", "object", "admin_notes", "manufacturing"]}	2026-02-24 08:17:56.76051	2026-02-04 04:24:31.676071	2026-02-04 07:34:16.093763	f	\N
\.


--
-- Data for Name: weight_log; Type: TABLE DATA; Schema: public; Owner: -
--

COPY public.weight_log (id, sample_id, measured_at, weight, test_type, measured_by_id, equipment_id, notes) FROM stdin;
\.


--
-- Data for Name: workshop_log; Type: TABLE DATA; Schema: public; Owner: -
--

COPY public.workshop_log (id, sample_id, operator_id, operation_date, operation_type, equipment_id, cutting_params, quantity, quality_check, notes, created_at) FROM stdin;
\.


--
-- Name: accreditation_areas_id_seq; Type: SEQUENCE SET; Schema: public; Owner: -
--

SELECT pg_catalog.setval('public.accreditation_areas_id_seq', 5, true);


--
-- Name: audit_log_id_seq; Type: SEQUENCE SET; Schema: public; Owner: -
--

SELECT pg_catalog.setval('public.audit_log_id_seq', 102, true);


--
-- Name: auth_group_id_seq; Type: SEQUENCE SET; Schema: public; Owner: -
--

SELECT pg_catalog.setval('public.auth_group_id_seq', 1, false);


--
-- Name: auth_group_permissions_id_seq; Type: SEQUENCE SET; Schema: public; Owner: -
--

SELECT pg_catalog.setval('public.auth_group_permissions_id_seq', 1, false);


--
-- Name: auth_permission_id_seq; Type: SEQUENCE SET; Schema: public; Owner: -
--

SELECT pg_catalog.setval('public.auth_permission_id_seq', 124, true);


--
-- Name: client_contacts_id_seq; Type: SEQUENCE SET; Schema: public; Owner: -
--

SELECT pg_catalog.setval('public.client_contacts_id_seq', 6, true);


--
-- Name: clients_id_seq; Type: SEQUENCE SET; Schema: public; Owner: -
--

SELECT pg_catalog.setval('public.clients_id_seq', 4, true);


--
-- Name: climate_log_id_seq; Type: SEQUENCE SET; Schema: public; Owner: -
--

SELECT pg_catalog.setval('public.climate_log_id_seq', 1, false);


--
-- Name: contracts_id_seq; Type: SEQUENCE SET; Schema: public; Owner: -
--

SELECT pg_catalog.setval('public.contracts_id_seq', 6, true);


--
-- Name: django_admin_log_id_seq; Type: SEQUENCE SET; Schema: public; Owner: -
--

SELECT pg_catalog.setval('public.django_admin_log_id_seq', 83, true);


--
-- Name: django_content_type_id_seq; Type: SEQUENCE SET; Schema: public; Owner: -
--

SELECT pg_catalog.setval('public.django_content_type_id_seq', 32, true);


--
-- Name: django_migrations_id_seq; Type: SEQUENCE SET; Schema: public; Owner: -
--

SELECT pg_catalog.setval('public.django_migrations_id_seq', 20, true);


--
-- Name: equipment_accreditation_areas_id_seq; Type: SEQUENCE SET; Schema: public; Owner: -
--

SELECT pg_catalog.setval('public.equipment_accreditation_areas_id_seq', 21, true);


--
-- Name: equipment_id_seq; Type: SEQUENCE SET; Schema: public; Owner: -
--

SELECT pg_catalog.setval('public.equipment_id_seq', 38, true);


--
-- Name: equipment_maintenance_id_seq; Type: SEQUENCE SET; Schema: public; Owner: -
--

SELECT pg_catalog.setval('public.equipment_maintenance_id_seq', 1, false);


--
-- Name: holidays_id_seq; Type: SEQUENCE SET; Schema: public; Owner: -
--

SELECT pg_catalog.setval('public.holidays_id_seq', 15, true);


--
-- Name: journal_columns_id_seq; Type: SEQUENCE SET; Schema: public; Owner: -
--

SELECT pg_catalog.setval('public.journal_columns_id_seq', 154, true);


--
-- Name: journals_id_seq; Type: SEQUENCE SET; Schema: public; Owner: -
--

SELECT pg_catalog.setval('public.journals_id_seq', 13, true);


--
-- Name: laboratories_id_seq; Type: SEQUENCE SET; Schema: public; Owner: -
--

SELECT pg_catalog.setval('public.laboratories_id_seq', 9, true);


--
-- Name: permissions_log_id_seq; Type: SEQUENCE SET; Schema: public; Owner: -
--

SELECT pg_catalog.setval('public.permissions_log_id_seq', 105, true);


--
-- Name: role_laboratory_access_id_seq; Type: SEQUENCE SET; Schema: public; Owner: -
--

SELECT pg_catalog.setval('public.role_laboratory_access_id_seq', 12, true);


--
-- Name: role_permissions_id_seq; Type: SEQUENCE SET; Schema: public; Owner: -
--

SELECT pg_catalog.setval('public.role_permissions_id_seq', 1465, true);


--
-- Name: sample_auxiliary_equipment_id_seq; Type: SEQUENCE SET; Schema: public; Owner: -
--

SELECT pg_catalog.setval('public.sample_auxiliary_equipment_id_seq', 1, false);


--
-- Name: sample_files_id_seq; Type: SEQUENCE SET; Schema: public; Owner: -
--

SELECT pg_catalog.setval('public.sample_files_id_seq', 17, true);


--
-- Name: sample_manufacturing_auxiliary_equipment_id_seq; Type: SEQUENCE SET; Schema: public; Owner: -
--

SELECT pg_catalog.setval('public.sample_manufacturing_auxiliary_equipment_id_seq', 7, true);


--
-- Name: sample_manufacturing_measuring_instruments_id_seq; Type: SEQUENCE SET; Schema: public; Owner: -
--

SELECT pg_catalog.setval('public.sample_manufacturing_measuring_instruments_id_seq', 5, true);


--
-- Name: sample_manufacturing_operators_id_seq; Type: SEQUENCE SET; Schema: public; Owner: -
--

SELECT pg_catalog.setval('public.sample_manufacturing_operators_id_seq', 21, true);


--
-- Name: sample_manufacturing_testing_equipment_id_seq; Type: SEQUENCE SET; Schema: public; Owner: -
--

SELECT pg_catalog.setval('public.sample_manufacturing_testing_equipment_id_seq', 6, true);


--
-- Name: sample_measuring_instruments_id_seq; Type: SEQUENCE SET; Schema: public; Owner: -
--

SELECT pg_catalog.setval('public.sample_measuring_instruments_id_seq', 12, true);


--
-- Name: sample_operators_id_seq; Type: SEQUENCE SET; Schema: public; Owner: -
--

SELECT pg_catalog.setval('public.sample_operators_id_seq', 46, true);


--
-- Name: sample_standards_id_seq; Type: SEQUENCE SET; Schema: public; Owner: -
--

SELECT pg_catalog.setval('public.sample_standards_id_seq', 86, true);


--
-- Name: sample_testing_equipment_id_seq; Type: SEQUENCE SET; Schema: public; Owner: -
--

SELECT pg_catalog.setval('public.sample_testing_equipment_id_seq', 7, true);


--
-- Name: samples_id_seq; Type: SEQUENCE SET; Schema: public; Owner: -
--

SELECT pg_catalog.setval('public.samples_id_seq', 88, true);


--
-- Name: standard_accreditation_areas_id_seq; Type: SEQUENCE SET; Schema: public; Owner: -
--

SELECT pg_catalog.setval('public.standard_accreditation_areas_id_seq', 22, true);


--
-- Name: standard_laboratories_id_seq; Type: SEQUENCE SET; Schema: public; Owner: -
--

SELECT pg_catalog.setval('public.standard_laboratories_id_seq', 11, true);


--
-- Name: standards_id_seq; Type: SEQUENCE SET; Schema: public; Owner: -
--

SELECT pg_catalog.setval('public.standards_id_seq', 6, true);


--
-- Name: time_log_id_seq; Type: SEQUENCE SET; Schema: public; Owner: -
--

SELECT pg_catalog.setval('public.time_log_id_seq', 1, false);


--
-- Name: user_additional_laboratories_id_seq; Type: SEQUENCE SET; Schema: public; Owner: -
--

SELECT pg_catalog.setval('public.user_additional_laboratories_id_seq', 2, true);


--
-- Name: user_permissions_override_id_seq; Type: SEQUENCE SET; Schema: public; Owner: -
--

SELECT pg_catalog.setval('public.user_permissions_override_id_seq', 7, true);


--
-- Name: users_id_seq; Type: SEQUENCE SET; Schema: public; Owner: -
--

SELECT pg_catalog.setval('public.users_id_seq', 33, true);


--
-- Name: weight_log_id_seq; Type: SEQUENCE SET; Schema: public; Owner: -
--

SELECT pg_catalog.setval('public.weight_log_id_seq', 1, false);


--
-- Name: workshop_log_id_seq; Type: SEQUENCE SET; Schema: public; Owner: -
--

SELECT pg_catalog.setval('public.workshop_log_id_seq', 1, false);


--
-- Name: accreditation_areas accreditation_areas_code_key; Type: CONSTRAINT; Schema: public; Owner: -
--

ALTER TABLE ONLY public.accreditation_areas
    ADD CONSTRAINT accreditation_areas_code_key UNIQUE (code);


--
-- Name: accreditation_areas accreditation_areas_pkey; Type: CONSTRAINT; Schema: public; Owner: -
--

ALTER TABLE ONLY public.accreditation_areas
    ADD CONSTRAINT accreditation_areas_pkey PRIMARY KEY (id);


--
-- Name: audit_log audit_log_pkey; Type: CONSTRAINT; Schema: public; Owner: -
--

ALTER TABLE ONLY public.audit_log
    ADD CONSTRAINT audit_log_pkey PRIMARY KEY (id);


--
-- Name: auth_group auth_group_name_key; Type: CONSTRAINT; Schema: public; Owner: -
--

ALTER TABLE ONLY public.auth_group
    ADD CONSTRAINT auth_group_name_key UNIQUE (name);


--
-- Name: auth_group_permissions auth_group_permissions_group_id_permission_id_0cd325b0_uniq; Type: CONSTRAINT; Schema: public; Owner: -
--

ALTER TABLE ONLY public.auth_group_permissions
    ADD CONSTRAINT auth_group_permissions_group_id_permission_id_0cd325b0_uniq UNIQUE (group_id, permission_id);


--
-- Name: auth_group_permissions auth_group_permissions_pkey; Type: CONSTRAINT; Schema: public; Owner: -
--

ALTER TABLE ONLY public.auth_group_permissions
    ADD CONSTRAINT auth_group_permissions_pkey PRIMARY KEY (id);


--
-- Name: auth_group auth_group_pkey; Type: CONSTRAINT; Schema: public; Owner: -
--

ALTER TABLE ONLY public.auth_group
    ADD CONSTRAINT auth_group_pkey PRIMARY KEY (id);


--
-- Name: auth_permission auth_permission_content_type_id_codename_01ab375a_uniq; Type: CONSTRAINT; Schema: public; Owner: -
--

ALTER TABLE ONLY public.auth_permission
    ADD CONSTRAINT auth_permission_content_type_id_codename_01ab375a_uniq UNIQUE (content_type_id, codename);


--
-- Name: auth_permission auth_permission_pkey; Type: CONSTRAINT; Schema: public; Owner: -
--

ALTER TABLE ONLY public.auth_permission
    ADD CONSTRAINT auth_permission_pkey PRIMARY KEY (id);


--
-- Name: client_contacts client_contacts_pkey; Type: CONSTRAINT; Schema: public; Owner: -
--

ALTER TABLE ONLY public.client_contacts
    ADD CONSTRAINT client_contacts_pkey PRIMARY KEY (id);


--
-- Name: clients clients_pkey; Type: CONSTRAINT; Schema: public; Owner: -
--

ALTER TABLE ONLY public.clients
    ADD CONSTRAINT clients_pkey PRIMARY KEY (id);


--
-- Name: climate_log climate_log_pkey; Type: CONSTRAINT; Schema: public; Owner: -
--

ALTER TABLE ONLY public.climate_log
    ADD CONSTRAINT climate_log_pkey PRIMARY KEY (id);


--
-- Name: contracts contracts_client_id_number_key; Type: CONSTRAINT; Schema: public; Owner: -
--

ALTER TABLE ONLY public.contracts
    ADD CONSTRAINT contracts_client_id_number_key UNIQUE (client_id, number);


--
-- Name: contracts contracts_pkey; Type: CONSTRAINT; Schema: public; Owner: -
--

ALTER TABLE ONLY public.contracts
    ADD CONSTRAINT contracts_pkey PRIMARY KEY (id);


--
-- Name: django_admin_log django_admin_log_pkey; Type: CONSTRAINT; Schema: public; Owner: -
--

ALTER TABLE ONLY public.django_admin_log
    ADD CONSTRAINT django_admin_log_pkey PRIMARY KEY (id);


--
-- Name: django_content_type django_content_type_app_label_model_76bd3d3b_uniq; Type: CONSTRAINT; Schema: public; Owner: -
--

ALTER TABLE ONLY public.django_content_type
    ADD CONSTRAINT django_content_type_app_label_model_76bd3d3b_uniq UNIQUE (app_label, model);


--
-- Name: django_content_type django_content_type_pkey; Type: CONSTRAINT; Schema: public; Owner: -
--

ALTER TABLE ONLY public.django_content_type
    ADD CONSTRAINT django_content_type_pkey PRIMARY KEY (id);


--
-- Name: django_migrations django_migrations_pkey; Type: CONSTRAINT; Schema: public; Owner: -
--

ALTER TABLE ONLY public.django_migrations
    ADD CONSTRAINT django_migrations_pkey PRIMARY KEY (id);


--
-- Name: django_session django_session_pkey; Type: CONSTRAINT; Schema: public; Owner: -
--

ALTER TABLE ONLY public.django_session
    ADD CONSTRAINT django_session_pkey PRIMARY KEY (session_key);


--
-- Name: equipment equipment_accounting_number_key; Type: CONSTRAINT; Schema: public; Owner: -
--

ALTER TABLE ONLY public.equipment
    ADD CONSTRAINT equipment_accounting_number_key UNIQUE (accounting_number);


--
-- Name: equipment_accreditation_areas equipment_accreditation_areas_equipment_id_accreditation_ar_key; Type: CONSTRAINT; Schema: public; Owner: -
--

ALTER TABLE ONLY public.equipment_accreditation_areas
    ADD CONSTRAINT equipment_accreditation_areas_equipment_id_accreditation_ar_key UNIQUE (equipment_id, accreditation_area_id);


--
-- Name: equipment_accreditation_areas equipment_accreditation_areas_pkey; Type: CONSTRAINT; Schema: public; Owner: -
--

ALTER TABLE ONLY public.equipment_accreditation_areas
    ADD CONSTRAINT equipment_accreditation_areas_pkey PRIMARY KEY (id);


--
-- Name: equipment equipment_inventory_number_key; Type: CONSTRAINT; Schema: public; Owner: -
--

ALTER TABLE ONLY public.equipment
    ADD CONSTRAINT equipment_inventory_number_key UNIQUE (inventory_number);


--
-- Name: equipment_maintenance equipment_maintenance_pkey; Type: CONSTRAINT; Schema: public; Owner: -
--

ALTER TABLE ONLY public.equipment_maintenance
    ADD CONSTRAINT equipment_maintenance_pkey PRIMARY KEY (id);


--
-- Name: equipment equipment_pkey; Type: CONSTRAINT; Schema: public; Owner: -
--

ALTER TABLE ONLY public.equipment
    ADD CONSTRAINT equipment_pkey PRIMARY KEY (id);


--
-- Name: holidays holidays_date_key; Type: CONSTRAINT; Schema: public; Owner: -
--

ALTER TABLE ONLY public.holidays
    ADD CONSTRAINT holidays_date_key UNIQUE (date);


--
-- Name: holidays holidays_pkey; Type: CONSTRAINT; Schema: public; Owner: -
--

ALTER TABLE ONLY public.holidays
    ADD CONSTRAINT holidays_pkey PRIMARY KEY (id);


--
-- Name: journal_columns journal_columns_journal_id_code_key; Type: CONSTRAINT; Schema: public; Owner: -
--

ALTER TABLE ONLY public.journal_columns
    ADD CONSTRAINT journal_columns_journal_id_code_key UNIQUE (journal_id, code);


--
-- Name: journal_columns journal_columns_pkey; Type: CONSTRAINT; Schema: public; Owner: -
--

ALTER TABLE ONLY public.journal_columns
    ADD CONSTRAINT journal_columns_pkey PRIMARY KEY (id);


--
-- Name: journals journals_code_key; Type: CONSTRAINT; Schema: public; Owner: -
--

ALTER TABLE ONLY public.journals
    ADD CONSTRAINT journals_code_key UNIQUE (code);


--
-- Name: journals journals_pkey; Type: CONSTRAINT; Schema: public; Owner: -
--

ALTER TABLE ONLY public.journals
    ADD CONSTRAINT journals_pkey PRIMARY KEY (id);


--
-- Name: laboratories laboratories_code_key; Type: CONSTRAINT; Schema: public; Owner: -
--

ALTER TABLE ONLY public.laboratories
    ADD CONSTRAINT laboratories_code_key UNIQUE (code);


--
-- Name: laboratories laboratories_pkey; Type: CONSTRAINT; Schema: public; Owner: -
--

ALTER TABLE ONLY public.laboratories
    ADD CONSTRAINT laboratories_pkey PRIMARY KEY (id);


--
-- Name: permissions_log permissions_log_pkey; Type: CONSTRAINT; Schema: public; Owner: -
--

ALTER TABLE ONLY public.permissions_log
    ADD CONSTRAINT permissions_log_pkey PRIMARY KEY (id);


--
-- Name: role_laboratory_access role_laboratory_access_pkey; Type: CONSTRAINT; Schema: public; Owner: -
--

ALTER TABLE ONLY public.role_laboratory_access
    ADD CONSTRAINT role_laboratory_access_pkey PRIMARY KEY (id);


--
-- Name: role_permissions role_permissions_pkey; Type: CONSTRAINT; Schema: public; Owner: -
--

ALTER TABLE ONLY public.role_permissions
    ADD CONSTRAINT role_permissions_pkey PRIMARY KEY (id);


--
-- Name: role_permissions role_permissions_role_journal_id_column_id_key; Type: CONSTRAINT; Schema: public; Owner: -
--

ALTER TABLE ONLY public.role_permissions
    ADD CONSTRAINT role_permissions_role_journal_id_column_id_key UNIQUE (role, journal_id, column_id);


--
-- Name: sample_auxiliary_equipment sample_auxiliary_equipment_pkey; Type: CONSTRAINT; Schema: public; Owner: -
--

ALTER TABLE ONLY public.sample_auxiliary_equipment
    ADD CONSTRAINT sample_auxiliary_equipment_pkey PRIMARY KEY (id);


--
-- Name: sample_auxiliary_equipment sample_auxiliary_equipment_sample_id_equipment_id_key; Type: CONSTRAINT; Schema: public; Owner: -
--

ALTER TABLE ONLY public.sample_auxiliary_equipment
    ADD CONSTRAINT sample_auxiliary_equipment_sample_id_equipment_id_key UNIQUE (sample_id, equipment_id);


--
-- Name: sample_files sample_files_pkey; Type: CONSTRAINT; Schema: public; Owner: -
--

ALTER TABLE ONLY public.sample_files
    ADD CONSTRAINT sample_files_pkey PRIMARY KEY (id);


--
-- Name: sample_manufacturing_auxiliary_equipment sample_manufacturing_auxiliary_equip_sample_id_equipment_id_key; Type: CONSTRAINT; Schema: public; Owner: -
--

ALTER TABLE ONLY public.sample_manufacturing_auxiliary_equipment
    ADD CONSTRAINT sample_manufacturing_auxiliary_equip_sample_id_equipment_id_key UNIQUE (sample_id, equipment_id);


--
-- Name: sample_manufacturing_auxiliary_equipment sample_manufacturing_auxiliary_equipment_pkey; Type: CONSTRAINT; Schema: public; Owner: -
--

ALTER TABLE ONLY public.sample_manufacturing_auxiliary_equipment
    ADD CONSTRAINT sample_manufacturing_auxiliary_equipment_pkey PRIMARY KEY (id);


--
-- Name: sample_manufacturing_measuring_instruments sample_manufacturing_measuring_instr_sample_id_equipment_id_key; Type: CONSTRAINT; Schema: public; Owner: -
--

ALTER TABLE ONLY public.sample_manufacturing_measuring_instruments
    ADD CONSTRAINT sample_manufacturing_measuring_instr_sample_id_equipment_id_key UNIQUE (sample_id, equipment_id);


--
-- Name: sample_manufacturing_measuring_instruments sample_manufacturing_measuring_instruments_pkey; Type: CONSTRAINT; Schema: public; Owner: -
--

ALTER TABLE ONLY public.sample_manufacturing_measuring_instruments
    ADD CONSTRAINT sample_manufacturing_measuring_instruments_pkey PRIMARY KEY (id);


--
-- Name: sample_manufacturing_operators sample_manufacturing_operators_pkey; Type: CONSTRAINT; Schema: public; Owner: -
--

ALTER TABLE ONLY public.sample_manufacturing_operators
    ADD CONSTRAINT sample_manufacturing_operators_pkey PRIMARY KEY (id);


--
-- Name: sample_manufacturing_operators sample_manufacturing_operators_sample_id_user_id_key; Type: CONSTRAINT; Schema: public; Owner: -
--

ALTER TABLE ONLY public.sample_manufacturing_operators
    ADD CONSTRAINT sample_manufacturing_operators_sample_id_user_id_key UNIQUE (sample_id, user_id);


--
-- Name: sample_manufacturing_testing_equipment sample_manufacturing_testing_equipme_sample_id_equipment_id_key; Type: CONSTRAINT; Schema: public; Owner: -
--

ALTER TABLE ONLY public.sample_manufacturing_testing_equipment
    ADD CONSTRAINT sample_manufacturing_testing_equipme_sample_id_equipment_id_key UNIQUE (sample_id, equipment_id);


--
-- Name: sample_manufacturing_testing_equipment sample_manufacturing_testing_equipment_pkey; Type: CONSTRAINT; Schema: public; Owner: -
--

ALTER TABLE ONLY public.sample_manufacturing_testing_equipment
    ADD CONSTRAINT sample_manufacturing_testing_equipment_pkey PRIMARY KEY (id);


--
-- Name: sample_measuring_instruments sample_measuring_instruments_pkey; Type: CONSTRAINT; Schema: public; Owner: -
--

ALTER TABLE ONLY public.sample_measuring_instruments
    ADD CONSTRAINT sample_measuring_instruments_pkey PRIMARY KEY (id);


--
-- Name: sample_measuring_instruments sample_measuring_instruments_sample_id_equipment_id_key; Type: CONSTRAINT; Schema: public; Owner: -
--

ALTER TABLE ONLY public.sample_measuring_instruments
    ADD CONSTRAINT sample_measuring_instruments_sample_id_equipment_id_key UNIQUE (sample_id, equipment_id);


--
-- Name: sample_operators sample_operators_pkey; Type: CONSTRAINT; Schema: public; Owner: -
--

ALTER TABLE ONLY public.sample_operators
    ADD CONSTRAINT sample_operators_pkey PRIMARY KEY (id);


--
-- Name: sample_operators sample_operators_sample_id_user_id_key; Type: CONSTRAINT; Schema: public; Owner: -
--

ALTER TABLE ONLY public.sample_operators
    ADD CONSTRAINT sample_operators_sample_id_user_id_key UNIQUE (sample_id, user_id);


--
-- Name: sample_standards sample_standards_pkey; Type: CONSTRAINT; Schema: public; Owner: -
--

ALTER TABLE ONLY public.sample_standards
    ADD CONSTRAINT sample_standards_pkey PRIMARY KEY (id);


--
-- Name: sample_standards sample_standards_sample_id_standard_id_key; Type: CONSTRAINT; Schema: public; Owner: -
--

ALTER TABLE ONLY public.sample_standards
    ADD CONSTRAINT sample_standards_sample_id_standard_id_key UNIQUE (sample_id, standard_id);


--
-- Name: sample_testing_equipment sample_testing_equipment_pkey; Type: CONSTRAINT; Schema: public; Owner: -
--

ALTER TABLE ONLY public.sample_testing_equipment
    ADD CONSTRAINT sample_testing_equipment_pkey PRIMARY KEY (id);


--
-- Name: sample_testing_equipment sample_testing_equipment_sample_id_equipment_id_key; Type: CONSTRAINT; Schema: public; Owner: -
--

ALTER TABLE ONLY public.sample_testing_equipment
    ADD CONSTRAINT sample_testing_equipment_sample_id_equipment_id_key UNIQUE (sample_id, equipment_id);


--
-- Name: samples samples_cipher_key; Type: CONSTRAINT; Schema: public; Owner: -
--

ALTER TABLE ONLY public.samples
    ADD CONSTRAINT samples_cipher_key UNIQUE (cipher);


--
-- Name: samples samples_pkey; Type: CONSTRAINT; Schema: public; Owner: -
--

ALTER TABLE ONLY public.samples
    ADD CONSTRAINT samples_pkey PRIMARY KEY (id);


--
-- Name: samples samples_sequence_number_key; Type: CONSTRAINT; Schema: public; Owner: -
--

ALTER TABLE ONLY public.samples
    ADD CONSTRAINT samples_sequence_number_key UNIQUE (sequence_number);


--
-- Name: standard_accreditation_areas standard_accreditation_areas_pkey; Type: CONSTRAINT; Schema: public; Owner: -
--

ALTER TABLE ONLY public.standard_accreditation_areas
    ADD CONSTRAINT standard_accreditation_areas_pkey PRIMARY KEY (id);


--
-- Name: standard_accreditation_areas standard_accreditation_areas_standard_id_accreditation_area_key; Type: CONSTRAINT; Schema: public; Owner: -
--

ALTER TABLE ONLY public.standard_accreditation_areas
    ADD CONSTRAINT standard_accreditation_areas_standard_id_accreditation_area_key UNIQUE (standard_id, accreditation_area_id);


--
-- Name: standard_laboratories standard_laboratories_pkey; Type: CONSTRAINT; Schema: public; Owner: -
--

ALTER TABLE ONLY public.standard_laboratories
    ADD CONSTRAINT standard_laboratories_pkey PRIMARY KEY (id);


--
-- Name: standard_laboratories standard_laboratories_standard_id_laboratory_id_key; Type: CONSTRAINT; Schema: public; Owner: -
--

ALTER TABLE ONLY public.standard_laboratories
    ADD CONSTRAINT standard_laboratories_standard_id_laboratory_id_key UNIQUE (standard_id, laboratory_id);


--
-- Name: standards standards_code_key; Type: CONSTRAINT; Schema: public; Owner: -
--

ALTER TABLE ONLY public.standards
    ADD CONSTRAINT standards_code_key UNIQUE (code);


--
-- Name: standards standards_pkey; Type: CONSTRAINT; Schema: public; Owner: -
--

ALTER TABLE ONLY public.standards
    ADD CONSTRAINT standards_pkey PRIMARY KEY (id);


--
-- Name: time_log time_log_pkey; Type: CONSTRAINT; Schema: public; Owner: -
--

ALTER TABLE ONLY public.time_log
    ADD CONSTRAINT time_log_pkey PRIMARY KEY (id);


--
-- Name: user_additional_laboratories uq_user_additional_lab; Type: CONSTRAINT; Schema: public; Owner: -
--

ALTER TABLE ONLY public.user_additional_laboratories
    ADD CONSTRAINT uq_user_additional_lab UNIQUE (user_id, laboratory_id);


--
-- Name: user_additional_laboratories user_additional_laboratories_pkey; Type: CONSTRAINT; Schema: public; Owner: -
--

ALTER TABLE ONLY public.user_additional_laboratories
    ADD CONSTRAINT user_additional_laboratories_pkey PRIMARY KEY (id);


--
-- Name: user_permissions_override user_permissions_override_pkey; Type: CONSTRAINT; Schema: public; Owner: -
--

ALTER TABLE ONLY public.user_permissions_override
    ADD CONSTRAINT user_permissions_override_pkey PRIMARY KEY (id);


--
-- Name: user_permissions_override user_permissions_override_user_id_journal_id_column_id_key; Type: CONSTRAINT; Schema: public; Owner: -
--

ALTER TABLE ONLY public.user_permissions_override
    ADD CONSTRAINT user_permissions_override_user_id_journal_id_column_id_key UNIQUE (user_id, journal_id, column_id);


--
-- Name: users users_pkey; Type: CONSTRAINT; Schema: public; Owner: -
--

ALTER TABLE ONLY public.users
    ADD CONSTRAINT users_pkey PRIMARY KEY (id);


--
-- Name: users users_username_key; Type: CONSTRAINT; Schema: public; Owner: -
--

ALTER TABLE ONLY public.users
    ADD CONSTRAINT users_username_key UNIQUE (username);


--
-- Name: weight_log weight_log_pkey; Type: CONSTRAINT; Schema: public; Owner: -
--

ALTER TABLE ONLY public.weight_log
    ADD CONSTRAINT weight_log_pkey PRIMARY KEY (id);


--
-- Name: workshop_log workshop_log_pkey; Type: CONSTRAINT; Schema: public; Owner: -
--

ALTER TABLE ONLY public.workshop_log
    ADD CONSTRAINT workshop_log_pkey PRIMARY KEY (id);


--
-- Name: auth_group_name_a6ea08ec_like; Type: INDEX; Schema: public; Owner: -
--

CREATE INDEX auth_group_name_a6ea08ec_like ON public.auth_group USING btree (name varchar_pattern_ops);


--
-- Name: auth_group_permissions_group_id_b120cbf9; Type: INDEX; Schema: public; Owner: -
--

CREATE INDEX auth_group_permissions_group_id_b120cbf9 ON public.auth_group_permissions USING btree (group_id);


--
-- Name: auth_group_permissions_permission_id_84c5c92e; Type: INDEX; Schema: public; Owner: -
--

CREATE INDEX auth_group_permissions_permission_id_84c5c92e ON public.auth_group_permissions USING btree (permission_id);


--
-- Name: auth_permission_content_type_id_2f476e4b; Type: INDEX; Schema: public; Owner: -
--

CREATE INDEX auth_permission_content_type_id_2f476e4b ON public.auth_permission USING btree (content_type_id);


--
-- Name: django_admin_log_content_type_id_c4bce8eb; Type: INDEX; Schema: public; Owner: -
--

CREATE INDEX django_admin_log_content_type_id_c4bce8eb ON public.django_admin_log USING btree (content_type_id);


--
-- Name: django_admin_log_user_id_c564eba6; Type: INDEX; Schema: public; Owner: -
--

CREATE INDEX django_admin_log_user_id_c564eba6 ON public.django_admin_log USING btree (user_id);


--
-- Name: django_session_expire_date_a5c62663; Type: INDEX; Schema: public; Owner: -
--

CREATE INDEX django_session_expire_date_a5c62663 ON public.django_session USING btree (expire_date);


--
-- Name: django_session_session_key_c0390e0f_like; Type: INDEX; Schema: public; Owner: -
--

CREATE INDEX django_session_session_key_c0390e0f_like ON public.django_session USING btree (session_key varchar_pattern_ops);


--
-- Name: idx_audit_log_entity; Type: INDEX; Schema: public; Owner: -
--

CREATE INDEX idx_audit_log_entity ON public.audit_log USING btree (entity_type, entity_id);


--
-- Name: idx_audit_log_timestamp; Type: INDEX; Schema: public; Owner: -
--

CREATE INDEX idx_audit_log_timestamp ON public.audit_log USING btree ("timestamp" DESC);


--
-- Name: idx_audit_log_type_time; Type: INDEX; Schema: public; Owner: -
--

CREATE INDEX idx_audit_log_type_time ON public.audit_log USING btree (entity_type, "timestamp" DESC);


--
-- Name: idx_audit_log_user; Type: INDEX; Schema: public; Owner: -
--

CREATE INDEX idx_audit_log_user ON public.audit_log USING btree (user_id);


--
-- Name: idx_audit_log_user_time; Type: INDEX; Schema: public; Owner: -
--

CREATE INDEX idx_audit_log_user_time ON public.audit_log USING btree (user_id, "timestamp" DESC);


--
-- Name: idx_climate_log_date; Type: INDEX; Schema: public; Owner: -
--

CREATE INDEX idx_climate_log_date ON public.climate_log USING btree (measured_at);


--
-- Name: idx_climate_log_laboratory; Type: INDEX; Schema: public; Owner: -
--

CREATE INDEX idx_climate_log_laboratory ON public.climate_log USING btree (laboratory_id);


--
-- Name: idx_contracts_client; Type: INDEX; Schema: public; Owner: -
--

CREATE INDEX idx_contracts_client ON public.contracts USING btree (client_id);


--
-- Name: idx_contracts_status; Type: INDEX; Schema: public; Owner: -
--

CREATE INDEX idx_contracts_status ON public.contracts USING btree (status);


--
-- Name: idx_equipment_laboratory; Type: INDEX; Schema: public; Owner: -
--

CREATE INDEX idx_equipment_laboratory ON public.equipment USING btree (laboratory_id);


--
-- Name: idx_equipment_maintenance_date; Type: INDEX; Schema: public; Owner: -
--

CREATE INDEX idx_equipment_maintenance_date ON public.equipment_maintenance USING btree (maintenance_date);


--
-- Name: idx_equipment_maintenance_equipment; Type: INDEX; Schema: public; Owner: -
--

CREATE INDEX idx_equipment_maintenance_equipment ON public.equipment_maintenance USING btree (equipment_id);


--
-- Name: idx_equipment_maintenance_type; Type: INDEX; Schema: public; Owner: -
--

CREATE INDEX idx_equipment_maintenance_type ON public.equipment_maintenance USING btree (maintenance_type);


--
-- Name: idx_equipment_status; Type: INDEX; Schema: public; Owner: -
--

CREATE INDEX idx_equipment_status ON public.equipment USING btree (status);


--
-- Name: idx_equipment_type; Type: INDEX; Schema: public; Owner: -
--

CREATE INDEX idx_equipment_type ON public.equipment USING btree (equipment_type);


--
-- Name: idx_role_lab_access_lookup; Type: INDEX; Schema: public; Owner: -
--

CREATE INDEX idx_role_lab_access_lookup ON public.role_laboratory_access USING btree (role, journal_id);


--
-- Name: idx_role_permissions_role; Type: INDEX; Schema: public; Owner: -
--

CREATE INDEX idx_role_permissions_role ON public.role_permissions USING btree (role);


--
-- Name: idx_sae_equipment; Type: INDEX; Schema: public; Owner: -
--

CREATE INDEX idx_sae_equipment ON public.sample_auxiliary_equipment USING btree (equipment_id);


--
-- Name: idx_sae_sample; Type: INDEX; Schema: public; Owner: -
--

CREATE INDEX idx_sae_sample ON public.sample_auxiliary_equipment USING btree (sample_id);


--
-- Name: idx_sample_manufacturing_mi_equipment; Type: INDEX; Schema: public; Owner: -
--

CREATE INDEX idx_sample_manufacturing_mi_equipment ON public.sample_manufacturing_measuring_instruments USING btree (equipment_id);


--
-- Name: idx_sample_manufacturing_mi_sample; Type: INDEX; Schema: public; Owner: -
--

CREATE INDEX idx_sample_manufacturing_mi_sample ON public.sample_manufacturing_measuring_instruments USING btree (sample_id);


--
-- Name: idx_sample_manufacturing_op_sample; Type: INDEX; Schema: public; Owner: -
--

CREATE INDEX idx_sample_manufacturing_op_sample ON public.sample_manufacturing_operators USING btree (sample_id);


--
-- Name: idx_sample_manufacturing_op_user; Type: INDEX; Schema: public; Owner: -
--

CREATE INDEX idx_sample_manufacturing_op_user ON public.sample_manufacturing_operators USING btree (user_id);


--
-- Name: idx_sample_manufacturing_te_equipment; Type: INDEX; Schema: public; Owner: -
--

CREATE INDEX idx_sample_manufacturing_te_equipment ON public.sample_manufacturing_testing_equipment USING btree (equipment_id);


--
-- Name: idx_sample_manufacturing_te_sample; Type: INDEX; Schema: public; Owner: -
--

CREATE INDEX idx_sample_manufacturing_te_sample ON public.sample_manufacturing_testing_equipment USING btree (sample_id);


--
-- Name: idx_sample_standards_sample; Type: INDEX; Schema: public; Owner: -
--

CREATE INDEX idx_sample_standards_sample ON public.sample_standards USING btree (sample_id);


--
-- Name: idx_sample_standards_standard; Type: INDEX; Schema: public; Owner: -
--

CREATE INDEX idx_sample_standards_standard ON public.sample_standards USING btree (standard_id);


--
-- Name: idx_samples_cipher; Type: INDEX; Schema: public; Owner: -
--

CREATE INDEX idx_samples_cipher ON public.samples USING btree (cipher);


--
-- Name: idx_samples_client; Type: INDEX; Schema: public; Owner: -
--

CREATE INDEX idx_samples_client ON public.samples USING btree (client_id);


--
-- Name: idx_samples_conditioning_start_datetime; Type: INDEX; Schema: public; Owner: -
--

CREATE INDEX idx_samples_conditioning_start_datetime ON public.samples USING btree (conditioning_start_datetime);


--
-- Name: idx_samples_cutting_standard_id; Type: INDEX; Schema: public; Owner: -
--

CREATE INDEX idx_samples_cutting_standard_id ON public.samples USING btree (cutting_standard_id);


--
-- Name: idx_samples_deadline; Type: INDEX; Schema: public; Owner: -
--

CREATE INDEX idx_samples_deadline ON public.samples USING btree (deadline);


--
-- Name: idx_samples_laboratory; Type: INDEX; Schema: public; Owner: -
--

CREATE INDEX idx_samples_laboratory ON public.samples USING btree (laboratory_id);


--
-- Name: idx_samples_manufacturing; Type: INDEX; Schema: public; Owner: -
--

CREATE INDEX idx_samples_manufacturing ON public.samples USING btree (manufacturing) WHERE (manufacturing = true);


--
-- Name: INDEX idx_samples_manufacturing; Type: COMMENT; Schema: public; Owner: -
--

COMMENT ON INDEX public.idx_samples_manufacturing IS 'Индекс для журнала мастерской';


--
-- Name: idx_samples_manufacturing_completion_date; Type: INDEX; Schema: public; Owner: -
--

CREATE INDEX idx_samples_manufacturing_completion_date ON public.samples USING btree (manufacturing_completion_date) WHERE (manufacturing_completion_date IS NOT NULL);


--
-- Name: idx_samples_moisture_sample_id; Type: INDEX; Schema: public; Owner: -
--

CREATE INDEX idx_samples_moisture_sample_id ON public.samples USING btree (moisture_sample_id) WHERE (moisture_sample_id IS NOT NULL);


--
-- Name: idx_samples_protocol_checked_by; Type: INDEX; Schema: public; Owner: -
--

CREATE INDEX idx_samples_protocol_checked_by ON public.samples USING btree (protocol_checked_by);


--
-- Name: idx_samples_qms_check; Type: INDEX; Schema: public; Owner: -
--

CREATE INDEX idx_samples_qms_check ON public.samples USING btree (status) WHERE ((status)::text = ANY (ARRAY[('DRAFT_READY'::character varying)::text, ('RESULTS_UPLOADED'::character varying)::text]));


--
-- Name: idx_samples_registered_by_id; Type: INDEX; Schema: public; Owner: -
--

CREATE INDEX idx_samples_registered_by_id ON public.samples USING btree (registered_by_id);


--
-- Name: idx_samples_registration_date; Type: INDEX; Schema: public; Owner: -
--

CREATE INDEX idx_samples_registration_date ON public.samples USING btree (registration_date);


--
-- Name: idx_samples_status; Type: INDEX; Schema: public; Owner: -
--

CREATE INDEX idx_samples_status ON public.samples USING btree (status);


--
-- Name: idx_samples_testing_end_datetime; Type: INDEX; Schema: public; Owner: -
--

CREATE INDEX idx_samples_testing_end_datetime ON public.samples USING btree (testing_end_datetime);


--
-- Name: idx_samples_verified_by; Type: INDEX; Schema: public; Owner: -
--

CREATE INDEX idx_samples_verified_by ON public.samples USING btree (verified_by);


--
-- Name: idx_samples_workshop_status; Type: INDEX; Schema: public; Owner: -
--

CREATE INDEX idx_samples_workshop_status ON public.samples USING btree (workshop_status) WHERE (workshop_status IS NOT NULL);


--
-- Name: INDEX idx_samples_workshop_status; Type: COMMENT; Schema: public; Owner: -
--

COMMENT ON INDEX public.idx_samples_workshop_status IS 'Индекс для быстрой фильтрации образцов мастерской в журнале';


--
-- Name: idx_smae_equipment; Type: INDEX; Schema: public; Owner: -
--

CREATE INDEX idx_smae_equipment ON public.sample_manufacturing_auxiliary_equipment USING btree (equipment_id);


--
-- Name: idx_smae_sample; Type: INDEX; Schema: public; Owner: -
--

CREATE INDEX idx_smae_sample ON public.sample_manufacturing_auxiliary_equipment USING btree (sample_id);


--
-- Name: idx_standard_laboratories_laboratory; Type: INDEX; Schema: public; Owner: -
--

CREATE INDEX idx_standard_laboratories_laboratory ON public.standard_laboratories USING btree (laboratory_id);


--
-- Name: idx_standard_laboratories_standard; Type: INDEX; Schema: public; Owner: -
--

CREATE INDEX idx_standard_laboratories_standard ON public.standard_laboratories USING btree (standard_id);


--
-- Name: idx_ual_laboratory_id; Type: INDEX; Schema: public; Owner: -
--

CREATE INDEX idx_ual_laboratory_id ON public.user_additional_laboratories USING btree (laboratory_id);


--
-- Name: idx_ual_user_id; Type: INDEX; Schema: public; Owner: -
--

CREATE INDEX idx_ual_user_id ON public.user_additional_laboratories USING btree (user_id);


--
-- Name: idx_user_permissions_user; Type: INDEX; Schema: public; Owner: -
--

CREATE INDEX idx_user_permissions_user ON public.user_permissions_override USING btree (user_id);


--
-- Name: idx_users_is_trainee; Type: INDEX; Schema: public; Owner: -
--

CREATE INDEX idx_users_is_trainee ON public.users USING btree (is_trainee) WHERE (is_trainee = true);


--
-- Name: idx_users_mentor_id; Type: INDEX; Schema: public; Owner: -
--

CREATE INDEX idx_users_mentor_id ON public.users USING btree (mentor_id) WHERE (mentor_id IS NOT NULL);


--
-- Name: idx_weight_log_date; Type: INDEX; Schema: public; Owner: -
--

CREATE INDEX idx_weight_log_date ON public.weight_log USING btree (measured_at);


--
-- Name: idx_weight_log_sample; Type: INDEX; Schema: public; Owner: -
--

CREATE INDEX idx_weight_log_sample ON public.weight_log USING btree (sample_id);


--
-- Name: sample_files_sample_id_febfde6b; Type: INDEX; Schema: public; Owner: -
--

CREATE INDEX sample_files_sample_id_febfde6b ON public.sample_files USING btree (sample_id);


--
-- Name: sample_files_uploaded_by_id_156ebc7c; Type: INDEX; Schema: public; Owner: -
--

CREATE INDEX sample_files_uploaded_by_id_156ebc7c ON public.sample_files USING btree (uploaded_by_id);


--
-- Name: uq_role_lab_access_all; Type: INDEX; Schema: public; Owner: -
--

CREATE UNIQUE INDEX uq_role_lab_access_all ON public.role_laboratory_access USING btree (role, journal_id) WHERE (laboratory_id IS NULL);


--
-- Name: uq_role_lab_access_specific; Type: INDEX; Schema: public; Owner: -
--

CREATE UNIQUE INDEX uq_role_lab_access_specific ON public.role_laboratory_access USING btree (role, journal_id, laboratory_id) WHERE (laboratory_id IS NOT NULL);


--
-- Name: users block_user_delete; Type: TRIGGER; Schema: public; Owner: -
--

CREATE TRIGGER block_user_delete BEFORE DELETE ON public.users FOR EACH ROW EXECUTE FUNCTION public.prevent_user_deletion();


--
-- Name: audit_log audit_log_user_id_fkey; Type: FK CONSTRAINT; Schema: public; Owner: -
--

ALTER TABLE ONLY public.audit_log
    ADD CONSTRAINT audit_log_user_id_fkey FOREIGN KEY (user_id) REFERENCES public.users(id) ON DELETE SET NULL;


--
-- Name: auth_group_permissions auth_group_permissio_permission_id_84c5c92e_fk_auth_perm; Type: FK CONSTRAINT; Schema: public; Owner: -
--

ALTER TABLE ONLY public.auth_group_permissions
    ADD CONSTRAINT auth_group_permissio_permission_id_84c5c92e_fk_auth_perm FOREIGN KEY (permission_id) REFERENCES public.auth_permission(id) DEFERRABLE INITIALLY DEFERRED;


--
-- Name: auth_group_permissions auth_group_permissions_group_id_b120cbf9_fk_auth_group_id; Type: FK CONSTRAINT; Schema: public; Owner: -
--

ALTER TABLE ONLY public.auth_group_permissions
    ADD CONSTRAINT auth_group_permissions_group_id_b120cbf9_fk_auth_group_id FOREIGN KEY (group_id) REFERENCES public.auth_group(id) DEFERRABLE INITIALLY DEFERRED;


--
-- Name: auth_permission auth_permission_content_type_id_2f476e4b_fk_django_co; Type: FK CONSTRAINT; Schema: public; Owner: -
--

ALTER TABLE ONLY public.auth_permission
    ADD CONSTRAINT auth_permission_content_type_id_2f476e4b_fk_django_co FOREIGN KEY (content_type_id) REFERENCES public.django_content_type(id) DEFERRABLE INITIALLY DEFERRED;


--
-- Name: client_contacts client_contacts_client_id_fkey; Type: FK CONSTRAINT; Schema: public; Owner: -
--

ALTER TABLE ONLY public.client_contacts
    ADD CONSTRAINT client_contacts_client_id_fkey FOREIGN KEY (client_id) REFERENCES public.clients(id) ON DELETE CASCADE;


--
-- Name: climate_log climate_log_laboratory_id_fkey; Type: FK CONSTRAINT; Schema: public; Owner: -
--

ALTER TABLE ONLY public.climate_log
    ADD CONSTRAINT climate_log_laboratory_id_fkey FOREIGN KEY (laboratory_id) REFERENCES public.laboratories(id) ON DELETE RESTRICT;


--
-- Name: climate_log climate_log_measured_by_id_fkey; Type: FK CONSTRAINT; Schema: public; Owner: -
--

ALTER TABLE ONLY public.climate_log
    ADD CONSTRAINT climate_log_measured_by_id_fkey FOREIGN KEY (measured_by_id) REFERENCES public.users(id) ON DELETE RESTRICT;


--
-- Name: contracts contracts_client_id_fkey; Type: FK CONSTRAINT; Schema: public; Owner: -
--

ALTER TABLE ONLY public.contracts
    ADD CONSTRAINT contracts_client_id_fkey FOREIGN KEY (client_id) REFERENCES public.clients(id) ON DELETE CASCADE;


--
-- Name: django_admin_log django_admin_log_content_type_id_c4bce8eb_fk_django_co; Type: FK CONSTRAINT; Schema: public; Owner: -
--

ALTER TABLE ONLY public.django_admin_log
    ADD CONSTRAINT django_admin_log_content_type_id_c4bce8eb_fk_django_co FOREIGN KEY (content_type_id) REFERENCES public.django_content_type(id) DEFERRABLE INITIALLY DEFERRED;


--
-- Name: django_admin_log django_admin_log_user_id_c564eba6_fk_users_id; Type: FK CONSTRAINT; Schema: public; Owner: -
--

ALTER TABLE ONLY public.django_admin_log
    ADD CONSTRAINT django_admin_log_user_id_c564eba6_fk_users_id FOREIGN KEY (user_id) REFERENCES public.users(id) DEFERRABLE INITIALLY DEFERRED;


--
-- Name: equipment_accreditation_areas equipment_accreditation_areas_accreditation_area_id_fkey; Type: FK CONSTRAINT; Schema: public; Owner: -
--

ALTER TABLE ONLY public.equipment_accreditation_areas
    ADD CONSTRAINT equipment_accreditation_areas_accreditation_area_id_fkey FOREIGN KEY (accreditation_area_id) REFERENCES public.accreditation_areas(id) ON DELETE CASCADE;


--
-- Name: equipment_accreditation_areas equipment_accreditation_areas_equipment_id_fkey; Type: FK CONSTRAINT; Schema: public; Owner: -
--

ALTER TABLE ONLY public.equipment_accreditation_areas
    ADD CONSTRAINT equipment_accreditation_areas_equipment_id_fkey FOREIGN KEY (equipment_id) REFERENCES public.equipment(id) ON DELETE CASCADE;


--
-- Name: equipment equipment_laboratory_id_fkey; Type: FK CONSTRAINT; Schema: public; Owner: -
--

ALTER TABLE ONLY public.equipment
    ADD CONSTRAINT equipment_laboratory_id_fkey FOREIGN KEY (laboratory_id) REFERENCES public.laboratories(id) ON DELETE RESTRICT;


--
-- Name: equipment_maintenance equipment_maintenance_equipment_id_fkey; Type: FK CONSTRAINT; Schema: public; Owner: -
--

ALTER TABLE ONLY public.equipment_maintenance
    ADD CONSTRAINT equipment_maintenance_equipment_id_fkey FOREIGN KEY (equipment_id) REFERENCES public.equipment(id) ON DELETE CASCADE;


--
-- Name: equipment_maintenance equipment_maintenance_performed_by_id_fkey; Type: FK CONSTRAINT; Schema: public; Owner: -
--

ALTER TABLE ONLY public.equipment_maintenance
    ADD CONSTRAINT equipment_maintenance_performed_by_id_fkey FOREIGN KEY (performed_by_id) REFERENCES public.users(id) ON DELETE SET NULL;


--
-- Name: equipment equipment_responsible_person_id_fkey; Type: FK CONSTRAINT; Schema: public; Owner: -
--

ALTER TABLE ONLY public.equipment
    ADD CONSTRAINT equipment_responsible_person_id_fkey FOREIGN KEY (responsible_person_id) REFERENCES public.users(id) ON DELETE SET NULL;


--
-- Name: equipment equipment_substitute_person_id_fkey; Type: FK CONSTRAINT; Schema: public; Owner: -
--

ALTER TABLE ONLY public.equipment
    ADD CONSTRAINT equipment_substitute_person_id_fkey FOREIGN KEY (substitute_person_id) REFERENCES public.users(id) ON DELETE SET NULL;


--
-- Name: user_additional_laboratories fk_ual_laboratory; Type: FK CONSTRAINT; Schema: public; Owner: -
--

ALTER TABLE ONLY public.user_additional_laboratories
    ADD CONSTRAINT fk_ual_laboratory FOREIGN KEY (laboratory_id) REFERENCES public.laboratories(id) ON DELETE CASCADE;


--
-- Name: user_additional_laboratories fk_ual_user; Type: FK CONSTRAINT; Schema: public; Owner: -
--

ALTER TABLE ONLY public.user_additional_laboratories
    ADD CONSTRAINT fk_ual_user FOREIGN KEY (user_id) REFERENCES public.users(id) ON DELETE CASCADE;


--
-- Name: users fk_users_mentor; Type: FK CONSTRAINT; Schema: public; Owner: -
--

ALTER TABLE ONLY public.users
    ADD CONSTRAINT fk_users_mentor FOREIGN KEY (mentor_id) REFERENCES public.users(id) ON DELETE SET NULL;


--
-- Name: journal_columns journal_columns_journal_id_fkey; Type: FK CONSTRAINT; Schema: public; Owner: -
--

ALTER TABLE ONLY public.journal_columns
    ADD CONSTRAINT journal_columns_journal_id_fkey FOREIGN KEY (journal_id) REFERENCES public.journals(id) ON DELETE CASCADE;


--
-- Name: laboratories laboratories_head_id_fkey; Type: FK CONSTRAINT; Schema: public; Owner: -
--

ALTER TABLE ONLY public.laboratories
    ADD CONSTRAINT laboratories_head_id_fkey FOREIGN KEY (head_id) REFERENCES public.users(id) ON DELETE SET NULL;


--
-- Name: permissions_log permissions_log_changed_by_id_fkey; Type: FK CONSTRAINT; Schema: public; Owner: -
--

ALTER TABLE ONLY public.permissions_log
    ADD CONSTRAINT permissions_log_changed_by_id_fkey FOREIGN KEY (changed_by_id) REFERENCES public.users(id) ON DELETE RESTRICT;


--
-- Name: permissions_log permissions_log_column_id_fkey; Type: FK CONSTRAINT; Schema: public; Owner: -
--

ALTER TABLE ONLY public.permissions_log
    ADD CONSTRAINT permissions_log_column_id_fkey FOREIGN KEY (column_id) REFERENCES public.journal_columns(id) ON DELETE CASCADE;


--
-- Name: permissions_log permissions_log_journal_id_fkey; Type: FK CONSTRAINT; Schema: public; Owner: -
--

ALTER TABLE ONLY public.permissions_log
    ADD CONSTRAINT permissions_log_journal_id_fkey FOREIGN KEY (journal_id) REFERENCES public.journals(id) ON DELETE CASCADE;


--
-- Name: permissions_log permissions_log_target_user_id_fkey; Type: FK CONSTRAINT; Schema: public; Owner: -
--

ALTER TABLE ONLY public.permissions_log
    ADD CONSTRAINT permissions_log_target_user_id_fkey FOREIGN KEY (target_user_id) REFERENCES public.users(id) ON DELETE SET NULL;


--
-- Name: role_laboratory_access role_laboratory_access_journal_id_fkey; Type: FK CONSTRAINT; Schema: public; Owner: -
--

ALTER TABLE ONLY public.role_laboratory_access
    ADD CONSTRAINT role_laboratory_access_journal_id_fkey FOREIGN KEY (journal_id) REFERENCES public.journals(id) ON DELETE CASCADE;


--
-- Name: role_laboratory_access role_laboratory_access_laboratory_id_fkey; Type: FK CONSTRAINT; Schema: public; Owner: -
--

ALTER TABLE ONLY public.role_laboratory_access
    ADD CONSTRAINT role_laboratory_access_laboratory_id_fkey FOREIGN KEY (laboratory_id) REFERENCES public.laboratories(id) ON DELETE CASCADE;


--
-- Name: role_permissions role_permissions_column_id_fkey; Type: FK CONSTRAINT; Schema: public; Owner: -
--

ALTER TABLE ONLY public.role_permissions
    ADD CONSTRAINT role_permissions_column_id_fkey FOREIGN KEY (column_id) REFERENCES public.journal_columns(id) ON DELETE CASCADE;


--
-- Name: role_permissions role_permissions_journal_id_fkey; Type: FK CONSTRAINT; Schema: public; Owner: -
--

ALTER TABLE ONLY public.role_permissions
    ADD CONSTRAINT role_permissions_journal_id_fkey FOREIGN KEY (journal_id) REFERENCES public.journals(id) ON DELETE CASCADE;


--
-- Name: sample_auxiliary_equipment sample_auxiliary_equipment_equipment_id_fkey; Type: FK CONSTRAINT; Schema: public; Owner: -
--

ALTER TABLE ONLY public.sample_auxiliary_equipment
    ADD CONSTRAINT sample_auxiliary_equipment_equipment_id_fkey FOREIGN KEY (equipment_id) REFERENCES public.equipment(id) ON DELETE RESTRICT;


--
-- Name: sample_auxiliary_equipment sample_auxiliary_equipment_sample_id_fkey; Type: FK CONSTRAINT; Schema: public; Owner: -
--

ALTER TABLE ONLY public.sample_auxiliary_equipment
    ADD CONSTRAINT sample_auxiliary_equipment_sample_id_fkey FOREIGN KEY (sample_id) REFERENCES public.samples(id) ON DELETE CASCADE;


--
-- Name: sample_files sample_files_sample_id_febfde6b_fk_samples_id; Type: FK CONSTRAINT; Schema: public; Owner: -
--

ALTER TABLE ONLY public.sample_files
    ADD CONSTRAINT sample_files_sample_id_febfde6b_fk_samples_id FOREIGN KEY (sample_id) REFERENCES public.samples(id) DEFERRABLE INITIALLY DEFERRED;


--
-- Name: sample_files sample_files_uploaded_by_id_156ebc7c_fk_users_id; Type: FK CONSTRAINT; Schema: public; Owner: -
--

ALTER TABLE ONLY public.sample_files
    ADD CONSTRAINT sample_files_uploaded_by_id_156ebc7c_fk_users_id FOREIGN KEY (uploaded_by_id) REFERENCES public.users(id) DEFERRABLE INITIALLY DEFERRED;


--
-- Name: sample_manufacturing_auxiliary_equipment sample_manufacturing_auxiliary_equipment_equipment_id_fkey; Type: FK CONSTRAINT; Schema: public; Owner: -
--

ALTER TABLE ONLY public.sample_manufacturing_auxiliary_equipment
    ADD CONSTRAINT sample_manufacturing_auxiliary_equipment_equipment_id_fkey FOREIGN KEY (equipment_id) REFERENCES public.equipment(id) ON DELETE RESTRICT;


--
-- Name: sample_manufacturing_auxiliary_equipment sample_manufacturing_auxiliary_equipment_sample_id_fkey; Type: FK CONSTRAINT; Schema: public; Owner: -
--

ALTER TABLE ONLY public.sample_manufacturing_auxiliary_equipment
    ADD CONSTRAINT sample_manufacturing_auxiliary_equipment_sample_id_fkey FOREIGN KEY (sample_id) REFERENCES public.samples(id) ON DELETE CASCADE;


--
-- Name: sample_manufacturing_measuring_instruments sample_manufacturing_measuring_instruments_equipment_id_fkey; Type: FK CONSTRAINT; Schema: public; Owner: -
--

ALTER TABLE ONLY public.sample_manufacturing_measuring_instruments
    ADD CONSTRAINT sample_manufacturing_measuring_instruments_equipment_id_fkey FOREIGN KEY (equipment_id) REFERENCES public.equipment(id) ON DELETE RESTRICT;


--
-- Name: sample_manufacturing_measuring_instruments sample_manufacturing_measuring_instruments_sample_id_fkey; Type: FK CONSTRAINT; Schema: public; Owner: -
--

ALTER TABLE ONLY public.sample_manufacturing_measuring_instruments
    ADD CONSTRAINT sample_manufacturing_measuring_instruments_sample_id_fkey FOREIGN KEY (sample_id) REFERENCES public.samples(id) ON DELETE CASCADE;


--
-- Name: sample_manufacturing_operators sample_manufacturing_operators_sample_id_fkey; Type: FK CONSTRAINT; Schema: public; Owner: -
--

ALTER TABLE ONLY public.sample_manufacturing_operators
    ADD CONSTRAINT sample_manufacturing_operators_sample_id_fkey FOREIGN KEY (sample_id) REFERENCES public.samples(id) ON DELETE CASCADE;


--
-- Name: sample_manufacturing_operators sample_manufacturing_operators_user_id_fkey; Type: FK CONSTRAINT; Schema: public; Owner: -
--

ALTER TABLE ONLY public.sample_manufacturing_operators
    ADD CONSTRAINT sample_manufacturing_operators_user_id_fkey FOREIGN KEY (user_id) REFERENCES public.users(id) ON DELETE RESTRICT;


--
-- Name: sample_manufacturing_testing_equipment sample_manufacturing_testing_equipment_equipment_id_fkey; Type: FK CONSTRAINT; Schema: public; Owner: -
--

ALTER TABLE ONLY public.sample_manufacturing_testing_equipment
    ADD CONSTRAINT sample_manufacturing_testing_equipment_equipment_id_fkey FOREIGN KEY (equipment_id) REFERENCES public.equipment(id) ON DELETE RESTRICT;


--
-- Name: sample_manufacturing_testing_equipment sample_manufacturing_testing_equipment_sample_id_fkey; Type: FK CONSTRAINT; Schema: public; Owner: -
--

ALTER TABLE ONLY public.sample_manufacturing_testing_equipment
    ADD CONSTRAINT sample_manufacturing_testing_equipment_sample_id_fkey FOREIGN KEY (sample_id) REFERENCES public.samples(id) ON DELETE CASCADE;


--
-- Name: sample_measuring_instruments sample_measuring_instruments_equipment_id_fkey; Type: FK CONSTRAINT; Schema: public; Owner: -
--

ALTER TABLE ONLY public.sample_measuring_instruments
    ADD CONSTRAINT sample_measuring_instruments_equipment_id_fkey FOREIGN KEY (equipment_id) REFERENCES public.equipment(id) ON DELETE RESTRICT;


--
-- Name: sample_measuring_instruments sample_measuring_instruments_sample_id_fkey; Type: FK CONSTRAINT; Schema: public; Owner: -
--

ALTER TABLE ONLY public.sample_measuring_instruments
    ADD CONSTRAINT sample_measuring_instruments_sample_id_fkey FOREIGN KEY (sample_id) REFERENCES public.samples(id) ON DELETE CASCADE;


--
-- Name: sample_operators sample_operators_sample_id_fkey; Type: FK CONSTRAINT; Schema: public; Owner: -
--

ALTER TABLE ONLY public.sample_operators
    ADD CONSTRAINT sample_operators_sample_id_fkey FOREIGN KEY (sample_id) REFERENCES public.samples(id) ON DELETE CASCADE;


--
-- Name: sample_operators sample_operators_user_id_fkey; Type: FK CONSTRAINT; Schema: public; Owner: -
--

ALTER TABLE ONLY public.sample_operators
    ADD CONSTRAINT sample_operators_user_id_fkey FOREIGN KEY (user_id) REFERENCES public.users(id) ON DELETE RESTRICT;


--
-- Name: sample_standards sample_standards_sample_id_fkey; Type: FK CONSTRAINT; Schema: public; Owner: -
--

ALTER TABLE ONLY public.sample_standards
    ADD CONSTRAINT sample_standards_sample_id_fkey FOREIGN KEY (sample_id) REFERENCES public.samples(id) ON DELETE CASCADE;


--
-- Name: sample_standards sample_standards_standard_id_fkey; Type: FK CONSTRAINT; Schema: public; Owner: -
--

ALTER TABLE ONLY public.sample_standards
    ADD CONSTRAINT sample_standards_standard_id_fkey FOREIGN KEY (standard_id) REFERENCES public.standards(id) ON DELETE RESTRICT;


--
-- Name: sample_testing_equipment sample_testing_equipment_equipment_id_fkey; Type: FK CONSTRAINT; Schema: public; Owner: -
--

ALTER TABLE ONLY public.sample_testing_equipment
    ADD CONSTRAINT sample_testing_equipment_equipment_id_fkey FOREIGN KEY (equipment_id) REFERENCES public.equipment(id) ON DELETE RESTRICT;


--
-- Name: sample_testing_equipment sample_testing_equipment_sample_id_fkey; Type: FK CONSTRAINT; Schema: public; Owner: -
--

ALTER TABLE ONLY public.sample_testing_equipment
    ADD CONSTRAINT sample_testing_equipment_sample_id_fkey FOREIGN KEY (sample_id) REFERENCES public.samples(id) ON DELETE CASCADE;


--
-- Name: samples samples_accreditation_area_id_fkey; Type: FK CONSTRAINT; Schema: public; Owner: -
--

ALTER TABLE ONLY public.samples
    ADD CONSTRAINT samples_accreditation_area_id_fkey FOREIGN KEY (accreditation_area_id) REFERENCES public.accreditation_areas(id) ON DELETE RESTRICT;


--
-- Name: samples samples_client_id_fkey; Type: FK CONSTRAINT; Schema: public; Owner: -
--

ALTER TABLE ONLY public.samples
    ADD CONSTRAINT samples_client_id_fkey FOREIGN KEY (client_id) REFERENCES public.clients(id) ON DELETE RESTRICT;


--
-- Name: samples samples_contract_id_fkey; Type: FK CONSTRAINT; Schema: public; Owner: -
--

ALTER TABLE ONLY public.samples
    ADD CONSTRAINT samples_contract_id_fkey FOREIGN KEY (contract_id) REFERENCES public.contracts(id) ON DELETE RESTRICT;


--
-- Name: samples samples_cutting_standard_id_fkey; Type: FK CONSTRAINT; Schema: public; Owner: -
--

ALTER TABLE ONLY public.samples
    ADD CONSTRAINT samples_cutting_standard_id_fkey FOREIGN KEY (cutting_standard_id) REFERENCES public.standards(id) ON DELETE SET NULL;


--
-- Name: samples samples_laboratory_id_fkey; Type: FK CONSTRAINT; Schema: public; Owner: -
--

ALTER TABLE ONLY public.samples
    ADD CONSTRAINT samples_laboratory_id_fkey FOREIGN KEY (laboratory_id) REFERENCES public.laboratories(id) ON DELETE RESTRICT;


--
-- Name: samples samples_moisture_sample_id_fkey; Type: FK CONSTRAINT; Schema: public; Owner: -
--

ALTER TABLE ONLY public.samples
    ADD CONSTRAINT samples_moisture_sample_id_fkey FOREIGN KEY (moisture_sample_id) REFERENCES public.samples(id) ON DELETE SET NULL;


--
-- Name: samples samples_protocol_checked_by_fkey; Type: FK CONSTRAINT; Schema: public; Owner: -
--

ALTER TABLE ONLY public.samples
    ADD CONSTRAINT samples_protocol_checked_by_fkey FOREIGN KEY (protocol_checked_by) REFERENCES public.users(id);


--
-- Name: samples samples_registered_by_id_fkey; Type: FK CONSTRAINT; Schema: public; Owner: -
--

ALTER TABLE ONLY public.samples
    ADD CONSTRAINT samples_registered_by_id_fkey FOREIGN KEY (registered_by_id) REFERENCES public.users(id) ON DELETE RESTRICT;


--
-- Name: samples samples_report_prepared_by_id_fkey; Type: FK CONSTRAINT; Schema: public; Owner: -
--

ALTER TABLE ONLY public.samples
    ADD CONSTRAINT samples_report_prepared_by_id_fkey FOREIGN KEY (report_prepared_by_id) REFERENCES public.users(id) ON DELETE SET NULL;


--
-- Name: samples samples_verified_by_fkey; Type: FK CONSTRAINT; Schema: public; Owner: -
--

ALTER TABLE ONLY public.samples
    ADD CONSTRAINT samples_verified_by_fkey FOREIGN KEY (verified_by) REFERENCES public.users(id);


--
-- Name: standard_accreditation_areas standard_accreditation_areas_accreditation_area_id_fkey; Type: FK CONSTRAINT; Schema: public; Owner: -
--

ALTER TABLE ONLY public.standard_accreditation_areas
    ADD CONSTRAINT standard_accreditation_areas_accreditation_area_id_fkey FOREIGN KEY (accreditation_area_id) REFERENCES public.accreditation_areas(id) ON DELETE CASCADE;


--
-- Name: standard_accreditation_areas standard_accreditation_areas_standard_id_fkey; Type: FK CONSTRAINT; Schema: public; Owner: -
--

ALTER TABLE ONLY public.standard_accreditation_areas
    ADD CONSTRAINT standard_accreditation_areas_standard_id_fkey FOREIGN KEY (standard_id) REFERENCES public.standards(id) ON DELETE CASCADE;


--
-- Name: standard_laboratories standard_laboratories_laboratory_id_fkey; Type: FK CONSTRAINT; Schema: public; Owner: -
--

ALTER TABLE ONLY public.standard_laboratories
    ADD CONSTRAINT standard_laboratories_laboratory_id_fkey FOREIGN KEY (laboratory_id) REFERENCES public.laboratories(id) ON DELETE CASCADE;


--
-- Name: standard_laboratories standard_laboratories_standard_id_fkey; Type: FK CONSTRAINT; Schema: public; Owner: -
--

ALTER TABLE ONLY public.standard_laboratories
    ADD CONSTRAINT standard_laboratories_standard_id_fkey FOREIGN KEY (standard_id) REFERENCES public.standards(id) ON DELETE CASCADE;


--
-- Name: time_log time_log_employee_id_fkey; Type: FK CONSTRAINT; Schema: public; Owner: -
--

ALTER TABLE ONLY public.time_log
    ADD CONSTRAINT time_log_employee_id_fkey FOREIGN KEY (employee_id) REFERENCES public.users(id) ON DELETE CASCADE;


--
-- Name: time_log time_log_sample_id_fkey; Type: FK CONSTRAINT; Schema: public; Owner: -
--

ALTER TABLE ONLY public.time_log
    ADD CONSTRAINT time_log_sample_id_fkey FOREIGN KEY (sample_id) REFERENCES public.samples(id) ON DELETE SET NULL;


--
-- Name: user_permissions_override user_permissions_override_column_id_fkey; Type: FK CONSTRAINT; Schema: public; Owner: -
--

ALTER TABLE ONLY public.user_permissions_override
    ADD CONSTRAINT user_permissions_override_column_id_fkey FOREIGN KEY (column_id) REFERENCES public.journal_columns(id) ON DELETE CASCADE;


--
-- Name: user_permissions_override user_permissions_override_granted_by_id_fkey; Type: FK CONSTRAINT; Schema: public; Owner: -
--

ALTER TABLE ONLY public.user_permissions_override
    ADD CONSTRAINT user_permissions_override_granted_by_id_fkey FOREIGN KEY (granted_by_id) REFERENCES public.users(id) ON DELETE RESTRICT;


--
-- Name: user_permissions_override user_permissions_override_journal_id_fkey; Type: FK CONSTRAINT; Schema: public; Owner: -
--

ALTER TABLE ONLY public.user_permissions_override
    ADD CONSTRAINT user_permissions_override_journal_id_fkey FOREIGN KEY (journal_id) REFERENCES public.journals(id) ON DELETE CASCADE;


--
-- Name: user_permissions_override user_permissions_override_user_id_fkey; Type: FK CONSTRAINT; Schema: public; Owner: -
--

ALTER TABLE ONLY public.user_permissions_override
    ADD CONSTRAINT user_permissions_override_user_id_fkey FOREIGN KEY (user_id) REFERENCES public.users(id) ON DELETE CASCADE;


--
-- Name: users users_laboratory_id_fkey; Type: FK CONSTRAINT; Schema: public; Owner: -
--

ALTER TABLE ONLY public.users
    ADD CONSTRAINT users_laboratory_id_fkey FOREIGN KEY (laboratory_id) REFERENCES public.laboratories(id) ON DELETE SET NULL;


--
-- Name: weight_log weight_log_equipment_id_fkey; Type: FK CONSTRAINT; Schema: public; Owner: -
--

ALTER TABLE ONLY public.weight_log
    ADD CONSTRAINT weight_log_equipment_id_fkey FOREIGN KEY (equipment_id) REFERENCES public.equipment(id) ON DELETE RESTRICT;


--
-- Name: weight_log weight_log_measured_by_id_fkey; Type: FK CONSTRAINT; Schema: public; Owner: -
--

ALTER TABLE ONLY public.weight_log
    ADD CONSTRAINT weight_log_measured_by_id_fkey FOREIGN KEY (measured_by_id) REFERENCES public.users(id) ON DELETE RESTRICT;


--
-- Name: weight_log weight_log_sample_id_fkey; Type: FK CONSTRAINT; Schema: public; Owner: -
--

ALTER TABLE ONLY public.weight_log
    ADD CONSTRAINT weight_log_sample_id_fkey FOREIGN KEY (sample_id) REFERENCES public.samples(id) ON DELETE CASCADE;


--
-- Name: workshop_log workshop_log_equipment_id_fkey; Type: FK CONSTRAINT; Schema: public; Owner: -
--

ALTER TABLE ONLY public.workshop_log
    ADD CONSTRAINT workshop_log_equipment_id_fkey FOREIGN KEY (equipment_id) REFERENCES public.equipment(id) ON DELETE RESTRICT;


--
-- Name: workshop_log workshop_log_operator_id_fkey; Type: FK CONSTRAINT; Schema: public; Owner: -
--

ALTER TABLE ONLY public.workshop_log
    ADD CONSTRAINT workshop_log_operator_id_fkey FOREIGN KEY (operator_id) REFERENCES public.users(id) ON DELETE RESTRICT;


--
-- Name: workshop_log workshop_log_sample_id_fkey; Type: FK CONSTRAINT; Schema: public; Owner: -
--

ALTER TABLE ONLY public.workshop_log
    ADD CONSTRAINT workshop_log_sample_id_fkey FOREIGN KEY (sample_id) REFERENCES public.samples(id) ON DELETE CASCADE;


--
-- PostgreSQL database dump complete
--

\unrestrict NjkP9v7CZ5r00bNmdUHCVBNldEkKmqd5hSQnKBudf6vaXOtL0tarj5I6QCjlCT3

